,tract,year,BFBL,BL,BLSL,SBL,SBLBL,SLM,SLMTC,SUP,total_built_all_lanes,cumulative_length
0,1001,2007,0.0,0.0,0.0,0.0,0.0,0.0,0.0,0.0,0.0,0.0
1,1001,2008,0.0,0.0,0.0,0.0,0.0,110.038378476,0.0,0.0,110.038378476,110.038378476
2,1001,2009,0.0,0.0,0.0,0.0,0.0,0.0,0.0,0.0,0.0,110.038378476
3,1001,2010,0.0,2493.8158438755,0.0,0.0,0.0,563.1927063402001,0.0,0.0,3057.0085502157,3167.0469286917
4,1001,2011,0.0,0.0,0.0,0.0,0.0,0.0,0.0,0.0,0.0,3167.0469286917
5,1001,2012,0.0,851.7796681812999,0.0,0.0,0.0,684.141817164,0.0,0.0,1535.9214853453,4702.968414037
6,1001,2013,0.0,36.4506283632,0.0,0.0,0.0,0.0,0.0,0.0,36.4506283632,4739.4190424002
7,1001,2014,0.0,0.0,0.0,0.0,0.0,0.0,0.0,0.0,0.0,4739.4190424002
8,1001,2015,0.0,0.0,0.0,0.0,0.0,485.6087148854,0.0,0.0,485.6087148854,5225.0277572856
9,1001,2016,0.0,0.0,0.0,0.0,0.0,0.0,0.0,0.0,0.0,5225.0277572856
10,1001,2017,0.0,485.6495295978,0.0,0.0,0.0,0.0,0.0,0.0,485.6495295978,5710.6772868834
11,1001,2018,0.0,0.0,0.0,0.0,0.0,0.0,441.1499959985,51.3845317647,51.3845317647,5762.0618186481
12,1001,2019,0.0,0.0,0.0,0.0,0.0,0.0,0.0,0.0,0.0,5762.0618186481
13,1001,2020,0.0,0.0,0.0,1908.1898505689,0.0,0.0,310.0080966719,0.0,1908.1898505689,7670.251669217
14,1001,2021,0.0,0.0,0.0,0.0,0.0,0.0,711.256283144,0.0,0.0,7670.251669217
15,1001,2022,0.0,0.0,0.0,0.0,0.0,0.0,0.0,0.0,0.0,7670.251669217
16,1002,2007,0.0,0.0,0.0,0.0,0.0,0.0,0.0,0.0,0.0,0.0
17,1002,2008,0.0,0.0,0.0,0.0,0.0,0.0,0.0,0.0,0.0,0.0
18,1002,2009,0.0,0.0,0.0,0.0,0.0,0.0,0.0,0.0,0.0,0.0
19,1002,2010,0.0,1402.2364189296,0.0,0.0,0.0,86.7155925689,0.0,0.0,1488.9520114985,1488.9520114985
20,1002,2011,0.0,0.0,0.0,0.0,0.0,0.0,0.0,0.0,0.0,1488.9520114985
21,1002,2012,0.0,0.0,0.0,0.0,0.0,0.0,0.0,0.0,0.0,0.0
22,1002,2013,0.0,0.0,0.0,0.0,0.0,0.0,0.0,0.0,0.0,0.0
23,1002,2014,0.0,0.0,0.0,0.0,0.0,0.0,0.0,0.0,0.0,0.0
24,1002,2015,0.0,0.0,0.0,0.0,0.0,758.8903774967,0.0,0.0,758.8903774967,2247.8423889952
25,1002,2016,0.0,0.0,0.0,0.0,0.0,0.0,0.0,0.0,0.0,2247.8423889952
26,1002,2017,38.4383029346,1351.5514469297,0.0,0.0,0.0,0.0,0.0,0.0,1389.9897498643,3637.8321388595
27,1002,2018,0.0,0.0,0.0,0.0,0.0,0.0,244.1679003926,0.0,0.0,3637.8321388595
28,1002,2019,0.0,0.0,0.0,0.0,0.0,0.0,0.0,0.0,0.0,3637.8321388595
29,1002,2020,0.0,0.0,0.0,0.0,0.0,0.0,0.0,0.0,0.0,0.0
30,1002,2021,0.0,0.0,0.0,0.0,0.0,0.0,711.256283144,0.0,0.0,3637.8321388595
31,1002,2022,0.0,0.0,0.0,0.0,0.0,0.0,252.003181871,0.0,0.0,3637.8321388595
32,1003,2007,0.0,0.0,0.0,0.0,0.0,0.0,0.0,0.0,0.0,0.0
33,1003,2008,0.0,0.0,0.0,0.0,0.0,0.0,0.0,0.0,0.0,0.0
34,1003,2009,0.0,0.0,0.0,0.0,0.0,0.0,0.0,0.0,0.0,0.0
35,1003,2010,0.0,0.0,0.0,0.0,0.0,0.0,0.0,0.0,0.0,0.0
36,1003,2011,0.0,0.0,0.0,0.0,0.0,0.0,0.0,0.0,0.0,0.0
37,1003,2012,0.0,0.0,0.0,0.0,0.0,0.0,0.0,0.0,0.0,0.0
38,1003,2013,0.0,0.0,0.0,0.0,0.0,0.0,0.0,0.0,0.0,0.0
39,1003,2014,0.0,0.0,0.0,0.0,0.0,0.0,0.0,0.0,0.0,0.0
40,1003,2015,0.0,0.0,0.0,0.0,0.0,758.8903774967,0.0,0.0,758.8903774967,758.8903774967
41,1003,2016,0.0,0.0,0.0,0.0,0.0,0.0,0.0,0.0,0.0,758.8903774967
42,1003,2017,38.4383029346,1381.8941293901,0.0,0.0,0.0,0.0,0.0,0.0,1420.3324323247,2179.2228098214
43,1003,2018,0.0,0.0,0.0,0.0,0.0,0.0,441.1499959985,0.0,0.0,2179.2228098214
44,1003,2019,0.0,0.0,0.0,0.0,0.0,0.0,0.0,0.0,0.0,2179.2228098214
45,1003,2020,0.0,889.0065063605999,0.0,0.0,0.0,0.0,0.0,0.0,889.0065063605999,3068.229316182
46,1003,2021,0.0,0.0,0.0,0.0,0.0,0.0,3272.7402364289,0.0,0.0,3068.229316182
47,1003,2022,0.0,0.0,0.0,0.0,0.0,0.0,252.003181871,0.0,0.0,3068.229316182
48,1004,2007,0.0,0.0,0.0,0.0,0.0,0.0,0.0,0.0,0.0,0.0
49,1004,2008,0.0,0.0,0.0,0.0,0.0,0.0,0.0,0.0,0.0,0.0
50,1004,2009,0.0,0.0,0.0,0.0,0.0,0.0,0.0,0.0,0.0,0.0
51,1004,2010,0.0,241.184398606,0.0,0.0,0.0,1151.3539136529,0.0,0.0,1392.5383122589,1392.5383122589
52,1004,2011,0.0,0.0,0.0,0.0,0.0,121.8855211202,0.0,0.0,121.8855211202,1514.4238333791
53,1004,2012,0.0,0.0,0.0,0.0,0.0,0.0,0.0,0.0,0.0,1514.4238333791
54,1004,2013,0.0,0.0,0.0,0.0,0.0,207.0386575303,0.0,0.0,207.0386575303,1721.4624909094
55,1004,2014,0.0,0.0,0.0,0.0,0.0,0.0,0.0,0.0,0.0,1721.4624909094
56,1004,2015,0.0,0.0,0.0,0.0,0.0,0.0,0.0,0.0,0.0,0.0
57,1004,2016,0.0,0.0,0.0,0.0,0.0,0.0,0.0,0.0,0.0,0.0
58,1004,2017,0.0,0.0,0.0,0.0,0.0,0.0,0.0,0.0,0.0,0.0
59,1004,2018,0.0,0.0,0.0,0.0,0.0,0.0,0.0,0.0,0.0,0.0
60,1004,2019,0.0,0.0,0.0,0.0,0.0,0.0,0.0,0.0,0.0,0.0
61,1004,2020,0.0,598.748857906,0.0,0.0,0.0,0.0,0.0,0.0,598.748857906,2320.2113488154
62,1004,2021,0.0,0.0,0.0,0.0,0.0,0.0,2980.435131091,0.0,0.0,2320.2113488154
63,1004,2022,0.0,0.0,0.0,0.0,0.0,0.0,0.0,0.0,0.0,2320.2113488154
64,1005,2007,0.0,0.0,0.0,0.0,0.0,0.0,0.0,0.0,0.0,0.0
65,1005,2008,0.0,0.0,0.0,0.0,0.0,0.0,0.0,0.0,0.0,0.0
66,1005,2009,0.0,0.0,0.0,0.0,0.0,0.0,0.0,0.0,0.0,0.0
67,1005,2010,0.0,851.187564822,0.0,0.0,0.0,1293.0235211811,0.0,0.0,2144.2110860031,2144.2110860031
68,1005,2011,0.0,0.0,0.0,0.0,0.0,1036.7356652126,0.0,0.0,1036.7356652126,3180.9467512157
69,1005,2012,0.0,0.0,0.0,0.0,0.0,0.0,0.0,0.0,0.0,3180.9467512157
70,1005,2013,0.0,0.0,0.0,0.0,0.0,294.6552473486,0.0,0.0,294.6552473486,3475.6019985642997
71,1005,2014,0.0,0.0,0.0,0.0,0.0,0.0,0.0,0.0,0.0,3475.6019985642997
72,1005,2015,0.0,0.0,0.0,0.0,0.0,0.0,0.0,0.0,0.0,0.0
73,1005,2016,0.0,0.0,0.0,0.0,0.0,0.0,0.0,0.0,0.0,0.0
74,1005,2017,0.0,855.3272117767,0.0,0.0,0.0,86.5432816504,0.0,0.0,941.8704934271,4417.4724919914
75,1005,2018,0.0,0.0,0.0,0.0,0.0,0.0,441.1499959985,0.0,0.0,4417.4724919914
76,1005,2019,0.0,0.0,0.0,0.0,0.0,0.0,0.0,0.0,0.0,4417.4724919914
77,1005,2020,0.0,0.0,0.0,0.0,0.0,0.0,310.0080966719,0.0,0.0,4417.4724919914
78,1005,2021,0.0,0.0,0.0,0.0,0.0,0.0,1694.6412206447,0.0,0.0,4417.4724919914
79,1005,2022,0.0,0.0,0.0,0.0,0.0,0.0,0.0,0.0,0.0,4417.4724919914
80,1006.01,2007,0.0,0.0,0.0,0.0,0.0,0.0,0.0,0.0,0.0,0.0
81,1006.01,2008,0.0,0.0,0.0,0.0,0.0,0.0,0.0,0.0,0.0,0.0
82,1006.01,2009,0.0,0.0,0.0,0.0,0.0,0.0,0.0,0.0,0.0,0.0
83,1006.01,2010,0.0,446.983238464,0.0,0.0,0.0,187.2269360429,0.0,0.0,634.2101745069,634.2101745069
84,1006.01,2011,0.0,0.0,0.0,0.0,0.0,867.8427432704,0.0,0.0,867.8427432704,1502.0529177773
85,1006.01,2012,0.0,573.4895094213,594.4228459343,0.0,0.0,0.0,0.0,0.0,1167.9123553556,2669.9652731329
86,1006.01,2013,0.0,0.0,0.0,0.0,0.0,1400.3682247364,0.0,0.0,1400.3682247364,4070.3334978693
87,1006.01,2014,0.0,0.0,0.0,0.0,0.0,0.0,0.0,0.0,0.0,4070.3334978693
88,1006.01,2015,0.0,0.0,0.0,0.0,0.0,0.0,0.0,0.0,0.0,0.0
89,1006.01,2016,0.0,0.0,0.0,0.0,0.0,0.0,0.0,0.0,0.0,0.0
90,1006.01,2017,0.0,0.0,0.0,0.0,0.0,0.0,0.0,0.0,0.0,0.0
91,1006.01,2018,0.0,0.0,0.0,0.0,0.0,0.0,0.0,0.0,0.0,0.0
92,1006.01,2019,0.0,0.0,0.0,0.0,0.0,0.0,0.0,0.0,0.0,0.0
93,1006.01,2020,0.0,0.0,0.0,0.0,0.0,0.0,0.0,0.0,0.0,0.0
94,1006.01,2021,0.0,0.0,0.0,0.0,0.0,0.0,0.0,0.0,0.0,0.0
95,1006.01,2022,0.0,0.0,0.0,0.0,0.0,0.0,0.0,0.0,0.0,0.0
96,1006.03,2007,0.0,0.0,0.0,0.0,0.0,0.0,0.0,0.0,0.0,0.0
97,1006.03,2008,0.0,0.0,0.0,0.0,0.0,0.0,0.0,0.0,0.0,0.0
98,1006.03,2009,0.0,0.0,0.0,0.0,0.0,0.0,0.0,0.0,0.0,0.0
99,1006.03,2010,0.0,0.0,0.0,0.0,0.0,0.0,0.0,0.0,0.0,0.0
100,1006.03,2011,0.0,0.0,0.0,0.0,0.0,0.0,0.0,0.0,0.0,0.0
101,1006.03,2012,0.0,548.4268452403,675.0722837891,0.0,0.0,0.0,0.0,0.0,1223.4991290294001,1223.4991290294001
102,1006.03,2013,0.0,0.0,0.0,0.0,0.0,1063.0985173595,0.0,0.0,1063.0985173595,2286.5976463889
103,1006.03,2014,0.0,0.0,0.0,0.0,0.0,0.0,0.0,0.0,0.0,2286.5976463889
104,1006.03,2015,0.0,0.0,0.0,0.0,0.0,0.0,0.0,0.0,0.0,0.0
105,1006.03,2016,0.0,0.0,0.0,0.0,0.0,0.0,0.0,0.0,0.0,0.0
106,1006.03,2017,0.0,0.0,0.0,0.0,0.0,0.0,0.0,0.0,0.0,0.0
107,1006.03,2018,0.0,0.0,0.0,0.0,0.0,0.0,0.0,0.0,0.0,0.0
108,1006.03,2019,0.0,0.0,0.0,0.0,0.0,0.0,0.0,0.0,0.0,0.0
109,1006.03,2020,0.0,0.0,0.0,0.0,0.0,0.0,0.0,0.0,0.0,0.0
110,1006.03,2021,0.0,0.0,0.0,0.0,0.0,0.0,0.0,0.0,0.0,0.0
111,1006.03,2022,0.0,0.0,0.0,0.0,0.0,0.0,0.0,0.0,0.0,0.0
112,1007,2007,0.0,0.0,0.0,0.0,0.0,0.0,0.0,0.0,0.0,0.0
113,1007,2008,0.0,0.0,0.0,0.0,0.0,0.0,0.0,0.0,0.0,0.0
114,1007,2009,0.0,0.0,0.0,0.0,0.0,0.0,0.0,0.0,0.0,0.0
115,1007,2010,0.0,0.0,0.0,0.0,0.0,0.0,0.0,0.0,0.0,0.0
116,1007,2011,0.0,0.0,0.0,0.0,0.0,0.0,0.0,0.0,0.0,0.0
117,1007,2012,0.0,548.4268452403,80.6494378548,0.0,0.0,0.0,0.0,0.0,629.0762830951,629.0762830951
118,1007,2013,0.0,0.0,0.0,0.0,0.0,817.8189811952,0.0,0.0,817.8189811952,1446.8952642903
119,1007,2014,0.0,0.0,0.0,0.0,0.0,0.0,0.0,0.0,0.0,1446.8952642903
120,1007,2015,0.0,0.0,0.0,0.0,0.0,0.0,0.0,0.0,0.0,0.0
121,1007,2016,0.0,0.0,0.0,0.0,0.0,0.0,0.0,0.0,0.0,0.0
122,1007,2017,321.07288379219995,209.905438213,0.0,0.0,0.0,0.0,0.0,0.0,530.9783220052,1977.8735862955
123,1007,2018,0.0,0.0,0.0,0.0,0.0,0.0,0.0,0.0,0.0,1977.8735862955
124,1007,2019,0.0,0.0,0.0,0.0,0.0,0.0,0.0,0.0,0.0,0.0
125,1007,2020,0.0,0.0,0.0,0.0,0.0,0.0,0.0,0.0,0.0,0.0
126,1007,2021,0.0,0.0,0.0,0.0,0.0,0.0,0.0,0.0,0.0,0.0
127,1007,2022,0.0,0.0,0.0,0.0,0.0,0.0,0.0,0.0,0.0,0.0
128,1008,2007,0.0,0.0,0.0,0.0,0.0,0.0,0.0,0.0,0.0,0.0
129,1008,2008,0.0,0.0,0.0,0.0,0.0,0.0,0.0,0.0,0.0,0.0
130,1008,2009,0.0,0.0,0.0,0.0,0.0,0.0,0.0,0.0,0.0,0.0
131,1008,2010,0.0,446.983238464,0.0,0.0,0.0,1669.0642805615,0.0,0.0,2116.0475190255,2116.0475190255
132,1008,2011,0.0,0.0,0.0,0.0,0.0,344.033074543,0.0,0.0,344.033074543,2460.0805935685003
133,1008,2012,0.0,0.0,0.0,0.0,0.0,0.0,0.0,0.0,0.0,2460.0805935685003
134,1008,2013,0.0,0.0,0.0,0.0,0.0,1024.6880578462,0.0,0.0,1024.6880578462,3484.7686514147003
135,1008,2014,0.0,0.0,0.0,0.0,0.0,0.0,0.0,0.0,0.0,3484.7686514147003
136,1008,2015,0.0,0.0,0.0,0.0,0.0,0.0,0.0,0.0,0.0,0.0
137,1008,2016,0.0,0.0,0.0,0.0,0.0,0.0,0.0,0.0,0.0,0.0
138,1008,2017,421.48868765960003,1084.8524700183,0.0,0.0,0.0,0.0,0.0,0.0,1506.3411576779,4991.109809092601
139,1008,2018,0.0,0.0,0.0,0.0,0.0,0.0,0.0,0.0,0.0,4991.109809092601
140,1008,2019,0.0,0.0,0.0,0.0,0.0,0.0,0.0,0.0,0.0,0.0
141,1008,2020,0.0,0.0,0.0,0.0,0.0,0.0,0.0,0.0,0.0,0.0
142,1008,2021,0.0,0.0,0.0,0.0,0.0,0.0,0.0,0.0,0.0,0.0
143,1008,2022,0.0,0.0,0.0,0.0,0.0,0.0,0.0,0.0,0.0,0.0
144,708,2007,0.0,0.0,0.0,0.0,84.2399823033,0.0,0.0,0.0,0.0,0.0
145,708,2008,0.0,0.0,0.0,0.0,84.2399823033,0.0,0.0,0.0,0.0,0.0
146,708,2009,0.0,748.5521544160999,0.0,0.0,0.0,0.0,0.0,0.0,748.5521544160999,748.5521544160999
147,708,2010,0.0,0.0,0.0,0.0,84.2399823033,0.0,0.0,0.0,0.0,748.5521544160999
148,708,2011,0.0,1212.7001908619,0.0,0.0,0.0,0.0,0.0,0.0,1212.7001908619,1961.252345278
149,708,2012,0.0,0.0,0.0,0.0,0.0,354.55050871900005,0.0,0.0,354.55050871900005,2315.802853997
150,708,2013,0.0,0.0,0.0,0.0,84.2399823033,0.0,0.0,0.0,0.0,2315.802853997
151,708,2014,0.0,0.0,0.0,0.0,84.2399823033,0.0,0.0,0.0,0.0,0.0
152,708,2015,0.0,0.0,0.0,0.0,84.2399823033,0.0,0.0,0.0,0.0,0.0
153,708,2016,0.0,0.0,0.0,0.0,84.2399823033,0.0,0.0,0.0,0.0,0.0
154,708,2017,0.0,0.0,0.0,0.0,84.2399823033,0.0,0.0,0.0,0.0,0.0
155,708,2018,0.0,0.0,0.0,266.00302356884,0.0,0.0,0.0,0.0,266.00302356884,2581.80587756584
156,708,2019,0.0,0.0,0.0,0.0,84.2399823033,0.0,0.0,0.0,0.0,2581.80587756584
157,708,2020,0.0,0.0,0.0,0.0,84.2399823033,0.0,0.0,0.0,0.0,0.0
158,708,2021,0.0,0.0,0.0,0.0,84.2399823033,0.0,0.0,0.0,0.0,0.0
159,708,2022,0.0,0.0,0.0,110.2813706738,84.2399823033,0.0,0.0,0.0,110.2813706738,2692.08724823964
160,709,2007,0.0,0.0,0.0,0.0,0.0,0.0,0.0,0.0,0.0,0.0
161,709,2008,0.0,0.0,0.0,0.0,0.0,0.0,0.0,0.0,0.0,0.0
162,709,2009,0.0,426.7896340246,0.0,0.0,0.0,0.0,0.0,0.0,426.7896340246,426.7896340246
163,709,2010,0.0,0.0,0.0,0.0,0.0,0.0,0.0,0.0,0.0,426.7896340246
164,709,2011,0.0,1833.4649363774001,0.0,0.0,0.0,783.34385258423,0.0,0.0,2616.80878896163,3043.5984229862297
165,709,2012,0.0,0.0,0.0,0.0,0.0,0.0,0.0,0.0,0.0,3043.5984229862297
166,709,2013,0.0,0.0,0.0,0.0,0.0,0.0,0.0,0.0,0.0,0.0
167,709,2014,0.0,0.0,0.0,0.0,0.0,0.0,0.0,0.0,0.0,0.0
168,709,2015,0.0,0.0,0.0,0.0,0.0,0.0,0.0,0.0,0.0,0.0
169,709,2016,0.0,0.0,0.0,0.0,0.0,0.0,0.0,0.0,0.0,0.0
170,709,2017,0.0,0.0,0.0,0.0,0.0,0.0,0.0,0.0,0.0,0.0
171,709,2018,0.0,0.0,0.0,102.77839437333999,0.0,0.0,0.0,0.0,102.77839437333999,3146.3768173595695
172,709,2019,0.0,0.0,0.0,0.0,0.0,0.0,0.0,0.0,0.0,3146.3768173595695
173,709,2020,0.0,0.0,0.0,0.0,0.0,0.0,0.0,0.0,0.0,0.0
174,709,2021,0.0,0.0,0.0,0.0,0.0,0.0,0.0,0.0,0.0,0.0
175,709,2022,0.0,0.0,0.0,0.0,0.0,0.0,0.0,0.0,0.0,0.0
176,801,2007,0.0,0.0,0.0,0.0,0.0,0.0,0.0,0.0,0.0,0.0
177,801,2008,0.0,0.0,0.0,0.0,0.0,0.0,0.0,0.0,0.0,0.0
178,801,2009,0.0,0.0,0.0,0.0,0.0,0.0,0.0,0.0,0.0,0.0
179,801,2010,0.0,0.0,0.0,0.0,0.0,0.0,0.0,0.0,0.0,0.0
180,801,2011,0.0,343.72167902700005,0.0,0.0,0.0,0.0,0.0,0.0,343.72167902700005,343.72167902700005
181,801,2012,0.0,469.87796522459996,0.0,0.0,0.0,599.1956242084,0.0,0.0,1069.073589433,1412.79526846
182,801,2013,0.0,0.0,0.0,0.0,0.0,0.0,0.0,0.0,0.0,1412.79526846
183,801,2014,0.0,0.0,0.0,0.0,0.0,0.0,0.0,0.0,0.0,0.0
184,801,2015,0.0,0.0,0.0,0.0,0.0,0.0,0.0,0.0,0.0,0.0
185,801,2016,0.0,0.0,0.0,0.0,0.0,0.0,0.0,0.0,0.0,0.0
186,801,2017,0.0,0.0,0.0,0.0,0.0,0.0,0.0,0.0,0.0,0.0
187,801,2018,0.0,0.0,0.0,0.0,0.0,0.0,0.0,0.0,0.0,0.0
188,801,2019,0.0,0.0,0.0,0.0,0.0,0.0,0.0,0.0,0.0,0.0
189,801,2020,0.0,0.0,0.0,702.39830093378,0.0,0.0,0.0,0.0,702.39830093378,2115.19356939378
190,801,2021,0.0,0.0,0.0,0.0,0.0,0.0,0.0,0.0,0.0,2115.19356939378
191,801,2022,0.0,0.0,0.0,0.0,0.0,0.0,0.0,0.0,0.0,0.0
192,803,2007,0.0,0.0,0.0,0.0,0.0,0.0,0.0,0.0,0.0,0.0
193,803,2008,0.0,0.0,0.0,0.0,0.0,0.0,0.0,0.0,0.0,0.0
194,803,2009,0.0,0.0,0.0,0.0,0.0,0.0,0.0,0.0,0.0,0.0
195,803,2010,0.0,0.0,0.0,0.0,0.0,0.0,0.0,0.0,0.0,0.0
196,803,2011,0.0,1109.9241227458,209.6232911725,0.0,0.0,773.2047917899,0.0,0.0,2092.7522057082,2092.7522057082
197,803,2012,0.0,0.0,0.0,0.0,0.0,273.2566166617,0.0,0.0,273.2566166617,2366.0088223699
198,803,2013,0.0,0.0,0.0,0.0,0.0,0.0,0.0,0.0,0.0,2366.0088223699
199,803,2014,0.0,0.0,0.0,0.0,0.0,0.0,0.0,0.0,0.0,0.0
200,803,2015,0.0,0.0,0.0,0.0,0.0,0.0,0.0,0.0,0.0,0.0
201,803,2016,0.0,0.0,0.0,0.0,0.0,100.038465981,0.0,0.0,100.038465981,2466.0472883509
202,803,2017,0.0,0.0,0.0,0.0,0.0,0.0,0.0,0.0,0.0,2466.0472883509
203,803,2018,0.0,0.0,0.0,0.0,0.0,0.0,0.0,0.0,0.0,0.0
204,803,2019,0.0,0.0,0.0,0.0,0.0,0.0,0.0,0.0,0.0,0.0
205,803,2020,0.0,0.0,0.0,0.0,0.0,0.0,0.0,0.0,0.0,0.0
206,803,2021,0.0,0.0,0.0,279.4207987313,0.0,0.0,0.0,0.0,279.4207987313,2745.4680870822003
207,803,2022,0.0,0.0,0.0,0.0,0.0,0.0,0.0,0.0,0.0,2745.4680870822003
208,804.01,2007,0.0,0.0,0.0,0.0,0.0,0.0,0.0,0.0,0.0,0.0
209,804.01,2008,0.0,0.0,0.0,0.0,0.0,17.649550569040002,0.0,0.0,17.649550569040002,17.649550569040002
210,804.01,2009,0.0,0.0,0.0,0.0,0.0,0.0,0.0,0.0,0.0,17.649550569040002
211,804.01,2010,0.0,0.0,0.0,0.0,0.0,103.754976842,0.0,0.0,103.754976842,121.40452741104001
212,804.01,2011,0.0,1436.9515720219001,73.5061292873,0.0,0.0,2020.9375636884301,0.0,0.0,3531.39526499763,3652.79979240867
213,804.01,2012,0.0,0.0,0.0,0.0,0.0,599.1956242084,0.0,0.0,599.1956242084,4251.99541661707
214,804.01,2013,0.0,0.0,0.0,0.0,0.0,0.0,0.0,0.0,0.0,4251.99541661707
215,804.01,2014,0.0,0.0,0.0,0.0,0.0,0.0,0.0,0.0,0.0,0.0
216,804.01,2015,0.0,0.0,0.0,0.0,0.0,0.0,0.0,0.0,0.0,0.0
217,804.01,2016,0.0,0.0,0.0,0.0,0.0,100.038465981,0.0,0.0,100.038465981,4352.03388259807
218,804.01,2017,0.0,0.0,0.0,0.0,0.0,0.0,0.0,0.0,0.0,4352.03388259807
219,804.01,2018,0.0,0.0,0.0,112.1849843448,0.0,0.0,0.0,0.0,112.1849843448,4464.21886694287
220,804.01,2019,0.0,0.0,0.0,0.0,0.0,0.0,0.0,0.0,0.0,4464.21886694287
221,804.01,2020,0.0,0.0,0.0,702.39830093378,0.0,0.0,0.0,0.0,702.39830093378,5166.61716787665
222,804.01,2021,0.0,0.0,0.0,279.4207987313,0.0,0.0,0.0,0.0,279.4207987313,5446.03796660795
223,804.01,2022,0.0,0.0,0.0,0.0,0.0,0.0,0.0,0.0,0.0,5446.03796660795
224,805,2007,0.0,0.0,0.0,0.0,0.0,0.0,0.0,0.0,0.0,0.0
225,805,2008,0.0,0.0,0.0,0.0,0.0,17.649550569040002,0.0,0.0,17.649550569040002,17.649550569040002
226,805,2009,0.0,197.0401228968,0.0,0.0,0.0,0.0,0.0,0.0,197.0401228968,214.68967346584
227,805,2010,0.0,0.0,0.0,0.0,0.0,163.7565839973,0.0,0.0,163.7565839973,378.44625746314
228,805,2011,0.0,1668.6752141994,0.0,0.0,0.0,1213.17871632493,0.0,0.0,2881.8539305243303,3260.30018798747
229,805,2012,0.0,0.0,0.0,0.0,0.0,0.0,0.0,0.0,0.0,3260.30018798747
230,805,2013,0.0,0.0,0.0,0.0,0.0,0.0,0.0,0.0,0.0,0.0
231,805,2014,0.0,0.0,0.0,0.0,0.0,0.0,0.0,0.0,0.0,0.0
232,805,2015,0.0,0.0,0.0,0.0,0.0,0.0,0.0,0.0,0.0,0.0
233,805,2016,0.0,0.0,0.0,0.0,0.0,0.0,0.0,0.0,0.0,0.0
234,805,2017,0.0,0.0,0.0,0.0,0.0,0.0,0.0,0.0,0.0,0.0
235,805,2018,0.0,0.0,0.0,487.81199152534,0.0,0.0,0.0,0.0,487.81199152534,3748.11217951281
236,805,2019,0.0,0.0,0.0,0.0,0.0,0.0,0.0,0.0,0.0,3748.11217951281
237,805,2020,0.0,0.0,0.0,0.0,0.0,0.0,0.0,0.0,0.0,0.0
238,805,2021,0.0,0.0,0.0,0.0,0.0,0.0,0.0,0.0,0.0,0.0
239,805,2022,0.0,0.0,0.0,0.0,0.0,0.0,0.0,0.0,0.0,0.0
240,806.01,2007,0.0,0.0,0.0,0.0,84.2399823033,0.0,0.0,0.0,0.0,0.0
241,806.01,2008,0.0,0.0,0.0,0.0,84.2399823033,0.0,0.0,0.0,0.0,0.0
242,806.01,2009,0.0,267.9941978305,0.0,0.0,0.0,0.0,0.0,0.0,267.9941978305,267.9941978305
243,806.01,2010,0.0,0.0,0.0,0.0,0.0,339.96476128300003,0.0,0.0,339.96476128300003,607.9589591135
244,806.01,2011,0.0,1225.403312201,73.5061292873,0.0,0.0,1124.0812498831,0.0,0.0,2422.9906913714003,3030.9496504849003
245,806.01,2012,0.0,27.8030619381,0.0,0.0,0.0,354.55050871900005,0.0,0.0,382.3535706571,3413.3032211420004
246,806.01,2013,0.0,0.0,0.0,0.0,84.2399823033,0.0,0.0,0.0,0.0,3413.3032211420004
247,806.01,2014,0.0,0.0,0.0,0.0,84.2399823033,0.0,0.0,0.0,0.0,0.0
248,806.01,2015,0.0,0.0,0.0,0.0,84.2399823033,0.0,0.0,0.0,0.0,0.0
249,806.01,2016,0.0,0.0,0.0,0.0,0.0,447.3498812956,0.0,0.0,447.3498812956,3860.6531024376004
250,806.01,2017,0.0,0.0,0.0,0.0,84.2399823033,0.0,0.0,0.0,0.0,3860.6531024376004
251,806.01,2018,0.0,0.0,0.0,487.81199152534,0.0,0.0,0.0,0.0,487.81199152534,4348.46509396294
252,806.01,2019,0.0,0.0,0.0,0.0,84.2399823033,0.0,0.0,0.0,0.0,4348.46509396294
253,806.01,2020,0.0,0.0,0.0,0.0,84.2399823033,0.0,0.0,0.0,0.0,0.0
254,806.01,2021,0.0,0.0,0.0,279.4207987313,0.0,0.0,0.0,0.0,279.4207987313,4627.88589269424
255,806.01,2022,0.0,0.0,0.0,42.2035185159,84.2399823033,0.0,0.0,0.0,42.2035185159,4670.0894112101405
256,813,2007,0.0,0.0,0.0,0.0,0.0,0.0,0.0,0.0,0.0,0.0
257,813,2008,0.0,0.0,0.0,0.0,0.0,0.0,0.0,0.0,0.0,0.0
258,813,2009,0.0,0.0,0.0,0.0,0.0,0.0,0.0,0.0,0.0,0.0
259,813,2010,0.0,0.0,155.4831889243,0.0,0.0,18.4952665416,0.0,0.0,173.9784554659,173.9784554659
260,813,2011,0.0,683.93912692,0.0,0.0,0.0,1811.7099109444,0.0,0.0,2495.6490378644003,2669.6274933303002
261,813,2012,0.0,0.0,0.0,0.0,0.0,0.0,0.0,0.0,0.0,2669.6274933303002
262,813,2013,0.0,0.0,0.0,0.0,0.0,0.0,0.0,0.0,0.0,0.0
263,813,2014,0.0,0.0,0.0,0.0,0.0,0.0,0.0,0.0,0.0,0.0
264,813,2015,0.0,0.0,0.0,0.0,0.0,0.0,0.0,0.0,0.0,0.0
265,813,2016,373.55403783360003,0.0,0.0,0.0,0.0,1396.1592554614,0.0,474.345599287,2244.058892582,4913.6863859123005
266,813,2017,0.0,0.0,0.0,0.0,0.0,0.0,0.0,0.0,0.0,4913.6863859123005
267,813,2018,0.0,0.0,0.0,0.0,0.0,0.0,0.0,0.0,0.0,0.0
268,813,2019,0.0,0.0,0.0,0.0,0.0,0.0,0.0,0.0,0.0,0.0
269,813,2020,0.0,0.0,0.0,0.0,0.0,0.0,0.0,0.0,0.0,0.0
270,813,2021,99.3492122225,0.0,0.0,45.1834178292,0.0,0.0,0.0,0.0,144.5326300517,5058.219015964
271,813,2022,0.0,0.0,0.0,0.0,0.0,0.0,0.0,0.0,0.0,5058.219015964
272,814,2007,0.0,0.0,0.0,0.0,0.0,0.0,0.0,0.0,0.0,0.0
273,814,2008,0.0,0.0,0.0,0.0,0.0,0.0,0.0,0.0,0.0,0.0
274,814,2009,0.0,0.0,0.0,0.0,0.0,0.0,0.0,0.0,0.0,0.0
275,814,2010,0.0,0.0,0.0,0.0,0.0,0.0,0.0,0.0,0.0,0.0
276,814,2011,0.0,0.0,0.0,0.0,0.0,679.407718448,0.0,0.0,679.407718448,679.407718448
277,814,2012,0.0,0.0,0.0,0.0,0.0,0.0,0.0,0.0,0.0,679.407718448
278,814,2013,0.0,0.0,0.0,0.0,0.0,0.0,0.0,0.0,0.0,0.0
279,814,2014,0.0,0.0,0.0,0.0,0.0,0.0,0.0,0.0,0.0,0.0
280,814,2015,0.0,0.0,0.0,0.0,0.0,0.0,0.0,0.0,0.0,0.0
281,814,2016,0.0,0.0,0.0,0.0,0.0,1057.4274254778,0.0,0.0,1057.4274254778,1736.8351439258
282,814,2017,0.0,0.0,0.0,0.0,0.0,0.0,0.0,0.0,0.0,1736.8351439258
283,814,2018,0.0,0.0,0.0,0.0,0.0,0.0,0.0,0.0,0.0,0.0
284,814,2019,0.0,0.0,0.0,0.0,0.0,0.0,0.0,0.0,0.0,0.0
285,814,2020,0.0,0.0,0.0,0.0,0.0,0.0,0.0,0.0,0.0,0.0
286,814,2021,0.0,0.0,0.0,0.0,0.0,0.0,0.0,0.0,0.0,0.0
287,814,2022,0.0,0.0,0.0,0.0,0.0,0.0,0.0,0.0,0.0,0.0
288,815,2007,0.0,0.0,0.0,0.0,0.0,0.0,0.0,0.0,0.0,0.0
289,815,2008,0.0,0.0,0.0,0.0,0.0,0.0,0.0,0.0,0.0,0.0
290,815,2009,0.0,0.0,0.0,0.0,0.0,0.0,0.0,0.0,0.0,0.0
291,815,2010,0.0,455.36749613899997,0.0,0.0,0.0,0.0,0.0,0.0,455.36749613899997,455.36749613899997
292,815,2011,0.0,683.93912692,0.0,0.0,0.0,1749.1291047848,0.0,0.0,2433.0682317048,2888.4357278438
293,815,2012,0.0,0.0,0.0,0.0,0.0,0.0,0.0,0.0,0.0,2888.4357278438
294,815,2013,0.0,0.0,0.0,0.0,0.0,0.0,0.0,0.0,0.0,0.0
295,815,2014,0.0,0.0,0.0,0.0,0.0,0.0,0.0,0.0,0.0,0.0
296,815,2015,0.0,0.0,0.0,0.0,0.0,0.0,0.0,0.0,0.0,0.0
297,815,2016,0.0,0.0,0.0,0.0,0.0,1536.9083435567,0.0,0.0,1536.9083435567,4425.344071400499
298,815,2017,0.0,0.0,0.0,0.0,0.0,0.0,0.0,0.0,0.0,4425.344071400499
299,815,2018,0.0,0.0,0.0,0.0,0.0,0.0,0.0,0.0,0.0,0.0
300,815,2019,0.0,0.0,0.0,0.0,0.0,0.0,0.0,0.0,0.0,0.0
301,815,2020,0.0,0.0,0.0,0.0,0.0,0.0,0.0,0.0,0.0,0.0
302,815,2021,0.0,0.0,0.0,45.1834178292,0.0,0.0,0.0,0.0,45.1834178292,4470.527489229699
303,815,2022,0.0,0.0,0.0,0.0,0.0,0.0,0.0,0.0,0.0,4470.527489229699
304,817,2007,0.0,0.0,0.0,0.0,0.0,0.0,0.0,0.0,0.0,0.0
305,817,2008,0.0,0.0,0.0,0.0,0.0,0.0,0.0,0.0,0.0,0.0
306,817,2009,0.0,0.0,0.0,0.0,0.0,0.0,0.0,0.0,0.0,0.0
307,817,2010,0.0,1174.0314110199001,0.0,0.0,0.0,0.0,0.0,0.0,1174.0314110199001,1174.0314110199001
308,817,2011,0.0,2830.3140674854,571.7739130144,0.0,0.0,2442.1185714038,0.0,0.0,5844.2065519036005,7018.2379629235
309,817,2012,0.0,0.0,0.0,0.0,0.0,0.0,0.0,0.0,0.0,7018.2379629235
310,817,2013,0.0,0.0,0.0,0.0,0.0,0.0,0.0,0.0,0.0,0.0
311,817,2014,0.0,0.0,0.0,0.0,0.0,0.0,0.0,0.0,0.0,0.0
312,817,2015,0.0,0.0,0.0,0.0,0.0,0.0,0.0,0.0,0.0,0.0
313,817,2016,0.0,0.0,0.0,0.0,0.0,1419.1958114548,0.0,0.0,1419.1958114548,8437.4337743783
314,817,2017,0.0,0.0,0.0,0.0,0.0,0.0,0.0,0.0,0.0,8437.4337743783
315,817,2018,0.0,0.0,0.0,0.0,0.0,0.0,0.0,0.0,0.0,0.0
316,817,2019,0.0,0.0,0.0,0.0,0.0,0.0,0.0,0.0,0.0,0.0
317,817,2020,0.0,0.0,0.0,0.0,0.0,0.0,0.0,0.0,0.0,0.0
318,817,2021,0.0,0.0,0.0,279.4207987313,0.0,0.0,0.0,0.0,279.4207987313,8716.8545731096
319,817,2022,0.0,0.0,0.0,0.0,0.0,0.0,0.0,0.0,0.0,8716.8545731096
320,818,2007,0.0,0.0,0.0,0.0,0.0,0.0,0.0,0.0,0.0,0.0
321,818,2008,0.0,0.0,0.0,0.0,0.0,0.0,0.0,0.0,0.0,0.0
322,818,2009,0.0,0.0,0.0,0.0,0.0,0.0,0.0,0.0,0.0,0.0
323,818,2010,0.0,718.6639148809,0.0,0.0,0.0,130.7875329065,0.0,0.0,849.4514477874001,849.4514477874001
324,818,2011,0.0,2146.3749405654,341.7304951714,0.0,0.0,708.9049558988,0.0,0.0,3197.0103916355997,4046.4618394229997
325,818,2012,0.0,0.0,0.0,0.0,0.0,0.0,0.0,0.0,0.0,4046.4618394229997
326,818,2013,0.0,0.0,0.0,0.0,0.0,0.0,0.0,0.0,0.0,0.0
327,818,2014,0.0,0.0,0.0,0.0,0.0,0.0,0.0,0.0,0.0,0.0
328,818,2015,0.0,0.0,0.0,0.0,0.0,0.0,0.0,0.0,0.0,0.0
329,818,2016,0.0,0.0,0.0,0.0,0.0,0.0,0.0,0.0,0.0,0.0
330,818,2017,0.0,0.0,0.0,0.0,0.0,0.0,0.0,0.0,0.0,0.0
331,818,2018,0.0,0.0,0.0,0.0,0.0,0.0,0.0,0.0,0.0,0.0
332,818,2019,0.0,0.0,0.0,0.0,0.0,254.728001081,0.0,0.0,254.728001081,4301.189840503999
333,818,2020,0.0,0.0,0.0,0.0,0.0,0.0,0.0,0.0,0.0,4301.189840503999
334,818,2021,0.0,0.0,0.0,219.9634080065,0.0,0.0,0.0,0.0,219.9634080065,4521.1532485105
335,818,2022,0.0,0.0,0.0,0.0,0.0,0.0,0.0,0.0,0.0,4521.1532485105
336,819,2007,0.0,0.0,0.0,0.0,0.0,0.0,0.0,468.471142563,468.471142563,468.471142563
337,819,2008,0.0,0.0,0.0,0.0,0.0,0.0,0.0,0.0,0.0,468.471142563
338,819,2009,0.0,0.0,0.0,0.0,0.0,0.0,0.0,0.0,0.0,0.0
339,819,2010,0.0,1174.0314110199001,0.0,0.0,0.0,130.7875329065,0.0,0.0,1304.8189439264002,1773.2900864894002
340,819,2011,0.0,1320.9009746201,130.404369341,0.0,0.0,2018.2928334879,0.0,0.0,3469.598177449,5242.8882639384
341,819,2012,0.0,0.0,0.0,0.0,0.0,0.0,0.0,0.0,0.0,5242.8882639384
342,819,2013,0.0,0.0,0.0,0.0,0.0,0.0,0.0,0.0,0.0,0.0
343,819,2014,0.0,0.0,0.0,0.0,0.0,0.0,0.0,0.0,0.0,0.0
344,819,2015,0.0,0.0,0.0,0.0,0.0,0.0,0.0,0.0,0.0,0.0
345,819,2016,836.0135618308,331.954444296,0.0,0.0,0.0,0.0,0.0,505.6930869302,1673.661093057,6916.5493569954
346,819,2017,0.0,0.0,0.0,0.0,0.0,0.0,0.0,0.0,0.0,6916.5493569954
347,819,2018,0.0,0.0,0.0,0.0,0.0,0.0,0.0,0.0,0.0,0.0
348,819,2019,0.0,0.0,0.0,0.0,0.0,0.0,0.0,0.0,0.0,0.0
349,819,2020,0.0,0.0,0.0,0.0,0.0,0.0,0.0,0.0,0.0,0.0
350,819,2021,0.0,0.0,0.0,45.1834178292,0.0,0.0,0.0,0.0,45.1834178292,6961.7327748246
351,819,2022,0.0,0.0,0.0,0.0,0.0,0.0,0.0,0.0,0.0,6961.7327748246
352,820,2007,0.0,0.0,0.0,0.0,0.0,0.0,0.0,0.0,0.0,0.0
353,820,2008,0.0,0.0,0.0,0.0,0.0,0.0,0.0,0.0,0.0,0.0
354,820,2009,0.0,0.0,0.0,0.0,0.0,0.0,0.0,0.0,0.0,0.0
355,820,2010,0.0,1407.9451423469,0.0,0.0,0.0,675.6957142717,0.0,0.0,2083.6408566186,2083.6408566186
356,820,2011,0.0,305.0164274311,0.0,0.0,0.0,527.5712306288,0.0,0.0,832.5876580598999,2916.2285146785
357,820,2012,0.0,0.0,0.0,0.0,0.0,272.782881446,0.0,0.0,272.782881446,3189.0113961245
358,820,2013,0.0,0.0,0.0,0.0,0.0,0.0,0.0,0.0,0.0,3189.0113961245
359,820,2014,0.0,0.0,0.0,0.0,0.0,0.0,0.0,0.0,0.0,0.0
360,820,2015,0.0,0.0,0.0,0.0,0.0,0.0,0.0,0.0,0.0,0.0
361,820,2016,0.0,0.0,0.0,0.0,0.0,0.0,0.0,0.0,0.0,0.0
362,820,2017,0.0,0.0,0.0,0.0,0.0,0.0,0.0,0.0,0.0,0.0
363,820,2018,0.0,0.0,0.0,0.0,0.0,0.0,0.0,0.0,0.0,0.0
364,820,2019,0.0,0.0,0.0,0.0,0.0,254.728001081,0.0,0.0,254.728001081,3443.7393972055
365,820,2020,0.0,0.0,0.0,0.0,0.0,0.0,0.0,0.0,0.0,3443.7393972055
366,820,2021,0.0,0.0,0.0,0.0,0.0,0.0,0.0,0.0,0.0,0.0
367,820,2022,0.0,0.0,0.0,0.0,0.0,0.0,0.0,0.0,0.0,0.0
368,821,2007,0.0,0.0,0.0,0.0,0.0,0.0,0.0,468.471142563,468.471142563,468.471142563
369,821,2008,0.0,0.0,0.0,0.0,0.0,0.0,0.0,0.0,0.0,468.471142563
370,821,2009,0.0,356.8869189745,0.0,0.0,0.0,0.0,0.0,0.0,356.8869189745,825.3580615375
371,821,2010,0.0,1259.1995523415999,0.0,0.0,0.0,755.5566009049,0.0,0.0,2014.7561532465,2840.114214784
372,821,2011,0.0,0.0,0.0,0.0,0.0,0.0,0.0,0.0,0.0,2840.114214784
373,821,2012,0.0,0.0,0.0,0.0,0.0,627.3028782667,0.0,0.0,627.3028782667,3467.4170930507
374,821,2013,0.0,0.0,0.0,0.0,0.0,0.0,0.0,0.0,0.0,3467.4170930507
375,821,2014,0.0,0.0,0.0,0.0,0.0,0.0,0.0,0.0,0.0,0.0
376,821,2015,0.0,0.0,0.0,0.0,0.0,0.0,0.0,0.0,0.0,0.0
377,821,2016,1047.8125047642,538.9060796035001,0.0,0.0,0.0,278.3335482852,0.0,505.6930869302,2370.7452195831,5838.1623126338
378,821,2017,0.0,0.0,0.0,0.0,0.0,0.0,0.0,0.0,0.0,5838.1623126338
379,821,2018,0.0,0.0,0.0,0.0,0.0,0.0,0.0,0.0,0.0,0.0
380,821,2019,0.0,0.0,0.0,0.0,0.0,0.0,0.0,0.0,0.0,0.0
381,821,2020,0.0,0.0,0.0,0.0,0.0,0.0,0.0,0.0,0.0,0.0
382,821,2021,0.0,0.0,0.0,0.0,0.0,0.0,0.0,0.0,0.0,0.0
383,821,2022,0.0,0.0,0.0,0.0,0.0,0.0,0.0,0.0,0.0,0.0
384,901,2007,0.0,0.0,0.0,0.0,0.0,0.0,0.0,0.0,0.0,0.0
385,901,2008,0.0,0.0,0.0,0.0,0.0,0.0,0.0,0.0,0.0,0.0
386,901,2009,0.0,689.6875682649,0.0,0.0,0.0,0.0,0.0,0.0,689.6875682649,689.6875682649
387,901,2010,0.0,2384.5951272893,0.0,0.0,0.0,518.5489825353,0.0,0.0,2903.1441098245996,3592.8316780894997
388,901,2011,0.0,0.0,0.0,0.0,0.0,0.0,0.0,0.0,0.0,3592.8316780894997
389,901,2012,0.0,0.0,0.0,0.0,0.0,1355.5588621059,0.0,0.0,1355.5588621059,4948.3905401954
390,901,2013,0.0,0.0,0.0,0.0,0.0,0.0,0.0,0.0,0.0,4948.3905401954
391,901,2014,0.0,0.0,0.0,0.0,0.0,0.0,0.0,0.0,0.0,0.0
392,901,2015,0.0,0.0,0.0,0.0,0.0,0.0,0.0,0.0,0.0,0.0
393,901,2016,240.34235145,44.3660343745,0.0,0.0,0.0,618.89859782,0.0,0.0,903.6069836444999,5851.9975238399
394,901,2017,0.0,0.0,0.0,0.0,0.0,0.0,0.0,0.0,0.0,5851.9975238399
395,901,2018,0.0,0.0,0.0,0.0,0.0,0.0,0.0,0.0,0.0,0.0
396,901,2019,0.0,0.0,0.0,0.0,0.0,0.0,0.0,0.0,0.0,0.0
397,901,2020,0.0,0.0,0.0,0.0,0.0,0.0,263.23071559100003,0.0,0.0,5851.9975238399
398,901,2021,0.0,0.0,0.0,0.0,0.0,0.0,642.4250411944,0.0,0.0,5851.9975238399
399,901,2022,0.0,0.0,0.0,0.0,0.0,0.0,0.0,0.0,0.0,5851.9975238399
400,902,2007,0.0,0.0,0.0,0.0,0.0,0.0,0.0,0.0,0.0,0.0
401,902,2008,0.0,0.0,0.0,0.0,0.0,0.0,0.0,0.0,0.0,0.0
402,902,2009,0.0,0.0,0.0,0.0,0.0,0.0,0.0,0.0,0.0,0.0
403,902,2010,87.0418604959,2853.8744717125,0.0,0.0,0.0,382.5114085206,0.0,0.0,3323.427740729,3323.427740729
404,902,2011,0.0,0.0,0.0,0.0,0.0,0.0,0.0,0.0,0.0,3323.427740729
405,902,2012,0.0,0.0,0.0,0.0,0.0,272.782881446,0.0,0.0,272.782881446,3596.210622175
406,902,2013,0.0,0.0,0.0,0.0,0.0,0.0,0.0,0.0,0.0,3596.210622175
407,902,2014,0.0,0.0,0.0,0.0,0.0,0.0,0.0,0.0,0.0,0.0
408,902,2015,0.0,0.0,0.0,0.0,0.0,0.0,0.0,0.0,0.0,0.0
409,902,2016,0.0,0.0,0.0,0.0,0.0,602.0124122648,0.0,0.0,602.0124122648,4198.2230344398
410,902,2017,0.0,0.0,0.0,0.0,0.0,0.0,0.0,0.0,0.0,4198.2230344398
411,902,2018,0.0,0.0,0.0,0.0,0.0,0.0,0.0,0.0,0.0,0.0
412,902,2019,0.0,0.0,0.0,0.0,0.0,0.0,0.0,0.0,0.0,0.0
413,902,2020,0.0,0.0,0.0,0.0,0.0,0.0,0.0,0.0,0.0,0.0
414,902,2021,0.0,0.0,0.0,0.0,0.0,0.0,197.02570404739998,0.0,0.0,4198.2230344398
415,902,2022,0.0,0.0,0.0,0.0,0.0,0.0,0.0,0.0,0.0,4198.2230344398
416,903,2007,0.0,0.0,0.0,0.0,0.0,0.0,0.0,0.0,0.0,0.0
417,903,2008,0.0,0.0,0.0,0.0,0.0,0.0,0.0,0.0,0.0,0.0
418,903,2009,0.0,0.0,0.0,0.0,0.0,0.0,0.0,0.0,0.0,0.0
419,903,2010,87.0418604959,2235.3238163656,0.0,0.0,0.0,382.5114085206,0.0,0.0,2704.8770853821,2704.8770853821
420,903,2011,0.0,0.0,0.0,0.0,0.0,0.0,0.0,0.0,0.0,2704.8770853821
421,903,2012,0.0,0.0,0.0,0.0,0.0,272.782881446,0.0,0.0,272.782881446,2977.6599668281
422,903,2013,0.0,0.0,0.0,0.0,0.0,0.0,0.0,0.0,0.0,2977.6599668281
423,903,2014,0.0,0.0,0.0,0.0,0.0,0.0,0.0,0.0,0.0,0.0
424,903,2015,0.0,0.0,0.0,0.0,0.0,0.0,0.0,0.0,0.0,0.0
425,903,2016,0.0,0.0,0.0,0.0,0.0,0.0,0.0,0.0,0.0,0.0
426,903,2017,0.0,0.0,0.0,0.0,0.0,0.0,0.0,0.0,0.0,0.0
427,903,2018,0.0,0.0,0.0,0.0,0.0,0.0,0.0,0.0,0.0,0.0
428,903,2019,0.0,0.0,0.0,0.0,0.0,801.3503468818,0.0,0.0,801.3503468818,3779.0103137099004
429,903,2020,0.0,0.0,0.0,0.0,0.0,0.0,0.0,0.0,0.0,3779.0103137099004
430,903,2021,0.0,0.0,0.0,0.0,0.0,0.0,0.0,0.0,0.0,0.0
431,903,2022,0.0,0.0,0.0,0.0,0.0,0.0,0.0,0.0,0.0,0.0
432,904,2007,0.0,0.0,0.0,0.0,0.0,0.0,0.0,0.0,0.0,0.0
433,904,2008,0.0,0.0,0.0,0.0,0.0,0.0,0.0,0.0,0.0,0.0
434,904,2009,0.0,0.0,0.0,0.0,0.0,0.0,0.0,0.0,0.0,0.0
435,904,2010,0.0,308.1988254616,0.0,0.0,0.0,0.0,0.0,0.0,308.1988254616,308.1988254616
436,904,2011,0.0,0.0,0.0,0.0,0.0,0.0,0.0,0.0,0.0,308.1988254616
437,904,2012,0.0,0.0,0.0,0.0,0.0,0.0,0.0,0.0,0.0,0.0
438,904,2013,0.0,0.0,0.0,0.0,0.0,0.0,0.0,0.0,0.0,0.0
439,904,2014,0.0,0.0,0.0,0.0,0.0,0.0,0.0,0.0,0.0,0.0
440,904,2015,0.0,0.0,0.0,0.0,0.0,0.0,0.0,0.0,0.0,0.0
441,904,2016,0.0,0.0,0.0,0.0,0.0,0.0,0.0,0.0,0.0,0.0
442,904,2017,0.0,0.0,0.0,0.0,0.0,0.0,0.0,0.0,0.0,0.0
443,904,2018,0.0,0.0,0.0,0.0,0.0,0.0,0.0,0.0,0.0,0.0
444,904,2019,0.0,0.0,0.0,0.0,0.0,801.3503468818,0.0,0.0,801.3503468818,1109.5491723434
445,904,2020,0.0,0.0,0.0,0.0,0.0,0.0,0.0,0.0,0.0,1109.5491723434
446,904,2021,0.0,0.0,0.0,0.0,0.0,0.0,0.0,0.0,0.0,0.0
447,904,2022,0.0,0.0,0.0,0.0,0.0,0.0,0.0,0.0,0.0,0.0
448,907,2007,0.0,0.0,0.0,0.0,0.0,0.0,0.0,0.0,0.0,0.0
449,907,2008,0.0,0.0,0.0,0.0,0.0,0.0,0.0,0.0,0.0,0.0
450,907,2009,0.0,0.0,0.0,0.0,0.0,0.0,0.0,0.0,0.0,0.0
451,907,2010,0.0,442.6228407993,0.0,0.0,0.0,107.405156592,0.0,0.0,550.0279973913,550.0279973913
452,907,2011,0.0,1245.8615794014,0.0,0.0,0.0,470.57076548910004,0.0,0.0,1716.4323448905,2266.4603422818
453,907,2012,0.0,0.0,0.0,0.0,0.0,0.0,0.0,0.0,0.0,2266.4603422818
454,907,2013,0.0,0.0,0.0,0.0,0.0,0.0,0.0,0.0,0.0,0.0
455,907,2014,0.0,0.0,0.0,0.0,0.0,0.0,0.0,0.0,0.0,0.0
456,907,2015,0.0,0.0,0.0,0.0,0.0,0.0,0.0,0.0,0.0,0.0
457,907,2016,389.474104229,0.0,0.0,0.0,0.0,0.0,0.0,0.0,389.474104229,2655.9344465107997
458,907,2017,0.0,0.0,0.0,0.0,0.0,0.0,0.0,0.0,0.0,2655.9344465107997
459,907,2018,0.0,0.0,0.0,0.0,0.0,0.0,0.0,0.0,0.0,0.0
460,907,2019,0.0,0.0,0.0,0.0,0.0,0.0,0.0,0.0,0.0,0.0
461,907,2020,0.0,0.0,0.0,0.0,0.0,0.0,0.0,0.0,0.0,0.0
462,907,2021,0.0,0.0,0.0,0.0,0.0,0.0,0.0,0.0,0.0,0.0
463,907,2022,0.0,467.8232623642,0.0,108.037830171,0.0,0.0,0.0,0.0,575.8610925352,3231.795539046
464,909.01,2007,0.0,0.0,0.0,0.0,0.0,0.0,0.0,0.0,0.0,0.0
465,909.01,2008,0.0,0.0,0.0,0.0,0.0,0.0,0.0,0.0,0.0,0.0
466,909.01,2009,0.0,0.0,0.0,0.0,0.0,0.0,0.0,0.0,0.0,0.0
467,909.01,2010,0.0,0.0,0.0,0.0,0.0,0.0,0.0,0.0,0.0,0.0
468,909.01,2011,0.0,0.0,0.0,0.0,0.0,0.0,0.0,0.0,0.0,0.0
469,909.01,2012,0.0,0.0,0.0,0.0,0.0,0.0,0.0,0.0,0.0,0.0
470,909.01,2013,1204.9777657163,0.0,0.0,0.0,0.0,0.0,0.0,0.0,1204.9777657163,1204.9777657163
471,909.01,2014,0.0,0.0,0.0,0.0,0.0,0.0,0.0,0.0,0.0,1204.9777657163
472,909.01,2015,0.0,0.0,0.0,0.0,0.0,0.0,0.0,0.0,0.0,0.0
473,909.01,2016,249.770503237,0.0,0.0,0.0,0.0,0.0,0.0,0.0,249.770503237,1454.7482689532999
474,909.01,2017,0.0,0.0,0.0,0.0,0.0,0.0,0.0,0.0,0.0,1454.7482689532999
475,909.01,2018,0.0,0.0,0.0,0.0,0.0,0.0,0.0,0.0,0.0,0.0
476,909.01,2019,0.0,2503.7054049267,0.0,431.7635000881,0.0,0.0,0.0,862.0628478635,3797.5317528783,5252.2800218316
477,909.01,2020,0.0,0.0,0.0,0.0,0.0,0.0,0.0,0.0,0.0,5252.2800218316
478,909.01,2021,0.0,0.0,0.0,0.0,0.0,0.0,0.0,0.0,0.0,0.0
479,909.01,2022,0.0,0.0,0.0,0.0,0.0,0.0,0.0,0.0,0.0,0.0
480,910.01,2007,0.0,0.0,0.0,0.0,0.0,0.0,0.0,0.0,0.0,0.0
481,910.01,2008,0.0,0.0,0.0,0.0,0.0,0.0,0.0,0.0,0.0,0.0
482,910.01,2009,0.0,0.0,0.0,0.0,0.0,0.0,0.0,0.0,0.0,0.0
483,910.01,2010,0.0,0.0,0.0,0.0,0.0,0.0,0.0,0.0,0.0,0.0
484,910.01,2011,0.0,823.2848863865,0.0,0.0,0.0,492.2046807928,0.0,0.0,1315.4895671793001,1315.4895671793001
485,910.01,2012,0.0,0.0,0.0,0.0,0.0,0.0,0.0,0.0,0.0,1315.4895671793001
486,910.01,2013,729.244204072,752.5425229150001,167.095600989,0.0,0.0,725.8127623038,0.0,0.0,2374.6950902798,3690.1846574591
487,910.01,2014,0.0,0.0,0.0,0.0,0.0,0.0,0.0,0.0,0.0,3690.1846574591
488,910.01,2015,0.0,0.0,0.0,0.0,0.0,0.0,0.0,0.0,0.0,0.0
489,910.01,2016,249.770503237,0.0,0.0,0.0,0.0,0.0,0.0,0.0,249.770503237,3939.9551606961
490,910.01,2017,0.0,0.0,0.0,0.0,0.0,0.0,0.0,0.0,0.0,3939.9551606961
491,910.01,2018,0.0,0.0,0.0,0.0,0.0,0.0,0.0,0.0,0.0,0.0
492,910.01,2019,0.0,1164.1046823776,0.0,0.0,0.0,0.0,0.0,291.14409606749996,1455.2487784451,5395.2039391412
493,910.01,2020,0.0,0.0,0.0,0.0,0.0,0.0,0.0,0.0,0.0,5395.2039391412
494,910.01,2021,0.0,0.0,0.0,0.0,0.0,0.0,0.0,0.0,0.0,0.0
495,910.01,2022,0.0,0.0,0.0,0.0,0.0,0.0,0.0,0.0,0.0,0.0
496,911,2007,0.0,0.0,0.0,0.0,0.0,0.0,0.0,0.0,0.0,0.0
497,911,2008,0.0,0.0,0.0,0.0,0.0,0.0,0.0,0.0,0.0,0.0
498,911,2009,0.0,0.0,0.0,0.0,0.0,0.0,0.0,0.0,0.0,0.0
499,911,2010,0.0,0.0,0.0,0.0,0.0,0.0,0.0,0.0,0.0,0.0
500,911,2011,0.0,1245.9988883819,0.0,0.0,0.0,0.0,0.0,0.0,1245.9988883819,1245.9988883819
501,911,2012,0.0,0.0,0.0,0.0,0.0,0.0,0.0,0.0,0.0,1245.9988883819
502,911,2013,0.0,0.0,0.0,0.0,0.0,0.0,0.0,0.0,0.0,0.0
503,911,2014,0.0,0.0,0.0,0.0,0.0,0.0,0.0,0.0,0.0,0.0
504,911,2015,0.0,0.0,0.0,0.0,0.0,0.0,0.0,0.0,0.0,0.0
505,911,2016,0.0,0.0,0.0,0.0,0.0,0.0,0.0,0.0,0.0,0.0
506,911,2017,0.0,0.0,0.0,0.0,0.0,0.0,0.0,0.0,0.0,0.0
507,911,2018,0.0,0.0,0.0,0.0,0.0,0.0,0.0,0.0,0.0,0.0
508,911,2019,0.0,0.0,0.0,0.0,0.0,0.0,0.0,0.0,0.0,0.0
509,911,2020,0.0,0.0,0.0,0.0,0.0,0.0,0.0,0.0,0.0,0.0
510,911,2021,0.0,0.0,0.0,0.0,0.0,0.0,0.0,0.0,0.0,0.0
511,911,2022,0.0,418.6384222465,0.0,108.037830171,0.0,0.0,0.0,0.0,526.6762524175,1772.6751407994002
512,912,2007,0.0,0.0,0.0,0.0,0.0,0.0,0.0,0.0,0.0,0.0
513,912,2008,0.0,0.0,0.0,0.0,0.0,0.0,0.0,0.0,0.0,0.0
514,912,2009,0.0,0.0,0.0,0.0,0.0,0.0,0.0,0.0,0.0,0.0
515,912,2010,0.0,1659.4283469673,0.0,0.0,0.0,763.3035335664,0.0,0.0,2422.7318805337,2422.7318805337
516,912,2011,0.0,626.6086810967,0.0,0.0,0.0,0.0,0.0,0.0,626.6086810967,3049.3405616304
517,912,2012,0.0,0.0,0.0,0.0,0.0,0.0,0.0,0.0,0.0,3049.3405616304
518,912,2013,0.0,0.0,0.0,0.0,0.0,0.0,0.0,0.0,0.0,0.0
519,912,2014,0.0,0.0,0.0,0.0,0.0,0.0,0.0,0.0,0.0,0.0
520,912,2015,0.0,0.0,0.0,0.0,0.0,0.0,0.0,0.0,0.0,0.0
521,912,2016,0.0,0.0,0.0,0.0,0.0,0.0,0.0,0.0,0.0,0.0
522,912,2017,0.0,0.0,0.0,0.0,0.0,0.0,0.0,0.0,0.0,0.0
523,912,2018,0.0,0.0,0.0,0.0,0.0,0.0,0.0,0.0,0.0,0.0
524,912,2019,0.0,0.0,0.0,0.0,0.0,0.0,0.0,0.0,0.0,0.0
525,912,2020,0.0,0.0,0.0,0.0,0.0,0.0,0.0,0.0,0.0,0.0
526,912,2021,0.0,0.0,0.0,0.0,0.0,0.0,0.0,0.0,0.0,0.0
527,912,2022,0.0,467.8232623642,0.0,108.037830171,0.0,0.0,0.0,0.0,575.8610925352,3625.2016541656
528,913,2007,0.0,0.0,0.0,0.0,0.0,0.0,0.0,0.0,0.0,0.0
529,913,2008,0.0,0.0,0.0,0.0,0.0,0.0,0.0,0.0,0.0,0.0
530,913,2009,0.0,0.0,0.0,0.0,0.0,0.0,0.0,0.0,0.0,0.0
531,913,2010,0.0,884.8555712623,0.0,0.0,0.0,696.2735333384001,0.0,0.0,1581.1291046007,1581.1291046007
532,913,2011,0.0,0.0,0.0,0.0,0.0,0.0,0.0,0.0,0.0,1581.1291046007
533,913,2012,0.0,0.0,0.0,0.0,0.0,0.0,0.0,0.0,0.0,0.0
534,913,2013,0.0,0.0,0.0,0.0,0.0,0.0,0.0,0.0,0.0,0.0
535,913,2014,0.0,0.0,0.0,0.0,0.0,0.0,0.0,0.0,0.0,0.0
536,913,2015,0.0,0.0,0.0,0.0,0.0,0.0,0.0,0.0,0.0,0.0
537,913,2016,0.0,0.0,0.0,0.0,0.0,0.0,0.0,0.0,0.0,0.0
538,913,2017,0.0,0.0,0.0,0.0,0.0,0.0,0.0,0.0,0.0,0.0
539,913,2018,0.0,0.0,0.0,0.0,0.0,0.0,0.0,0.0,0.0,0.0
540,913,2019,0.0,0.0,0.0,0.0,0.0,0.0,0.0,0.0,0.0,0.0
541,913,2020,0.0,0.0,0.0,0.0,0.0,0.0,0.0,0.0,0.0,0.0
542,913,2021,0.0,0.0,0.0,0.0,0.0,0.0,0.0,0.0,0.0,0.0
543,913,2022,0.0,297.5256392492,0.0,108.037830171,0.0,0.0,0.0,0.0,405.5634694202,1986.6925740208999
544,914,2007,0.0,0.0,0.0,0.0,0.0,0.0,0.0,0.0,0.0,0.0
545,914,2008,0.0,0.0,0.0,0.0,0.0,0.0,0.0,0.0,0.0,0.0
546,914,2009,0.0,0.0,0.0,0.0,0.0,0.0,0.0,0.0,0.0,0.0
547,914,2010,87.0418604959,1862.2894244606,0.0,0.0,0.0,655.8983769744,0.0,0.0,2605.2296619309,2605.2296619309
548,914,2011,0.0,0.0,0.0,0.0,0.0,0.0,0.0,0.0,0.0,2605.2296619309
549,914,2012,0.0,0.0,0.0,0.0,0.0,0.0,0.0,0.0,0.0,0.0
550,914,2013,0.0,0.0,0.0,0.0,0.0,0.0,0.0,0.0,0.0,0.0
551,914,2014,0.0,0.0,0.0,0.0,0.0,0.0,0.0,0.0,0.0,0.0
552,914,2015,0.0,0.0,0.0,0.0,0.0,0.0,0.0,0.0,0.0,0.0
553,914,2016,0.0,0.0,0.0,0.0,0.0,0.0,0.0,0.0,0.0,0.0
554,914,2017,0.0,0.0,0.0,0.0,0.0,0.0,0.0,0.0,0.0,0.0
555,914,2018,0.0,0.0,0.0,0.0,0.0,0.0,0.0,0.0,0.0,0.0
556,914,2019,0.0,0.0,0.0,0.0,0.0,470.7564364191,0.0,0.0,470.7564364191,3075.98609835
557,914,2020,0.0,0.0,0.0,0.0,0.0,0.0,0.0,0.0,0.0,3075.98609835
558,914,2021,0.0,0.0,0.0,0.0,0.0,0.0,0.0,0.0,0.0,0.0
559,914,2022,0.0,0.0,0.0,0.0,0.0,0.0,0.0,0.0,0.0,0.0
560,915,2007,0.0,0.0,0.0,0.0,0.0,0.0,0.0,0.0,0.0,0.0
561,915,2008,0.0,0.0,0.0,0.0,0.0,0.0,0.0,0.0,0.0,0.0
562,915,2009,0.0,0.0,0.0,0.0,0.0,0.0,0.0,0.0,0.0,0.0
563,915,2010,0.0,1546.734070542,0.0,0.0,0.0,655.8983769744,0.0,0.0,2202.6324475164,2202.6324475164
564,915,2011,0.0,657.6071117982,0.0,0.0,0.0,0.0,0.0,0.0,657.6071117982,2860.2395593146002
565,915,2012,0.0,0.0,0.0,0.0,0.0,0.0,0.0,0.0,0.0,2860.2395593146002
566,915,2013,0.0,0.0,0.0,0.0,0.0,337.36947156530005,0.0,0.0,337.36947156530005,3197.6090308799003
567,915,2014,0.0,0.0,0.0,0.0,0.0,0.0,0.0,0.0,0.0,3197.6090308799003
568,915,2015,0.0,0.0,0.0,0.0,0.0,0.0,0.0,0.0,0.0,0.0
569,915,2016,0.0,0.0,0.0,0.0,0.0,0.0,0.0,0.0,0.0,0.0
570,915,2017,0.0,0.0,0.0,0.0,0.0,0.0,0.0,0.0,0.0,0.0
571,915,2018,0.0,0.0,0.0,0.0,0.0,0.0,0.0,0.0,0.0,0.0
572,915,2019,0.0,0.0,0.0,0.0,0.0,264.3681106399,0.0,0.0,264.3681106399,3461.9771415198
573,915,2020,0.0,0.0,0.0,0.0,0.0,0.0,0.0,0.0,0.0,3461.9771415198
574,915,2021,0.0,0.0,0.0,0.0,0.0,0.0,0.0,0.0,0.0,0.0
575,915,2022,0.0,0.0,0.0,0.0,0.0,0.0,0.0,0.0,0.0,0.0
576,916,2007,0.0,0.0,0.0,0.0,0.0,0.0,0.0,0.0,0.0,0.0
577,916,2008,0.0,0.0,0.0,0.0,0.0,0.0,0.0,0.0,0.0,0.0
578,916,2009,0.0,0.0,0.0,0.0,0.0,0.0,0.0,0.0,0.0,0.0
579,916,2010,0.0,0.0,0.0,0.0,0.0,0.0,0.0,0.0,0.0,0.0
580,916,2011,0.0,208.0574468493,0.0,0.0,0.0,1069.3430861095999,0.0,0.0,1277.4005329589,1277.4005329589
581,916,2012,0.0,0.0,0.0,0.0,0.0,0.0,0.0,0.0,0.0,1277.4005329589
582,916,2013,0.0,752.5425229150001,0.0,0.0,0.0,1192.6475811560001,0.0,0.0,1945.1901040710002,3222.5906370299
583,916,2014,0.0,0.0,0.0,0.0,0.0,0.0,0.0,0.0,0.0,3222.5906370299
584,916,2015,0.0,0.0,0.0,0.0,0.0,0.0,0.0,0.0,0.0,0.0
585,916,2016,0.0,0.0,0.0,0.0,0.0,0.0,0.0,0.0,0.0,0.0
586,916,2017,0.0,0.0,0.0,0.0,0.0,0.0,0.0,0.0,0.0,0.0
587,916,2018,0.0,0.0,0.0,0.0,0.0,0.0,0.0,0.0,0.0,0.0
588,916,2019,0.0,0.0,0.0,0.0,0.0,0.0,0.0,0.0,0.0,0.0
589,916,2020,0.0,0.0,0.0,0.0,0.0,0.0,0.0,0.0,0.0,0.0
590,916,2021,0.0,0.0,0.0,0.0,0.0,0.0,0.0,0.0,0.0,0.0
591,916,2022,0.0,0.0,0.0,0.0,0.0,0.0,0.0,0.0,0.0,0.0
592,917,2007,0.0,0.0,0.0,0.0,0.0,0.0,0.0,0.0,0.0,0.0
593,917,2008,0.0,0.0,0.0,0.0,0.0,0.0,0.0,0.0,0.0,0.0
594,917,2009,0.0,0.0,0.0,0.0,0.0,0.0,0.0,0.0,0.0,0.0
595,917,2010,0.0,0.0,0.0,0.0,0.0,0.0,0.0,0.0,0.0,0.0
596,917,2011,0.0,0.0,0.0,0.0,0.0,499.6914919405,0.0,0.0,499.6914919405,499.6914919405
597,917,2012,0.0,0.0,0.0,0.0,0.0,0.0,0.0,0.0,0.0,499.6914919405
598,917,2013,0.0,0.0,0.0,0.0,0.0,957.9143758103,0.0,0.0,957.9143758103,1457.6058677508
599,917,2014,0.0,0.0,0.0,0.0,0.0,0.0,0.0,0.0,0.0,1457.6058677508
600,917,2015,0.0,0.0,0.0,0.0,0.0,0.0,0.0,0.0,0.0,0.0
601,917,2016,0.0,0.0,0.0,0.0,0.0,1031.7920497951,0.0,0.0,1031.7920497951,2489.3979175459
602,917,2017,0.0,0.0,0.0,0.0,0.0,0.0,0.0,0.0,0.0,2489.3979175459
603,917,2018,0.0,0.0,0.0,0.0,0.0,0.0,0.0,0.0,0.0,0.0
604,917,2019,0.0,0.0,0.0,0.0,0.0,0.0,0.0,0.0,0.0,0.0
605,917,2020,0.0,0.0,0.0,0.0,0.0,0.0,0.0,0.0,0.0,0.0
606,917,2021,0.0,0.0,0.0,0.0,0.0,0.0,0.0,0.0,0.0,0.0
607,917,2022,0.0,0.0,0.0,0.0,0.0,0.0,0.0,0.0,0.0,0.0
608,918,2007,0.0,0.0,0.0,0.0,0.0,0.0,0.0,0.0,0.0,0.0
609,918,2008,0.0,0.0,0.0,0.0,0.0,0.0,0.0,0.0,0.0,0.0
610,918,2009,0.0,0.0,0.0,0.0,0.0,0.0,0.0,0.0,0.0,0.0
611,918,2010,87.0418604959,2880.7440547236,0.0,0.0,0.0,0.0,0.0,0.0,2967.7859152195,2967.7859152195
612,918,2011,0.0,0.0,0.0,0.0,0.0,0.0,0.0,0.0,0.0,2967.7859152195
613,918,2012,0.0,0.0,0.0,0.0,0.0,0.0,0.0,0.0,0.0,0.0
614,918,2013,0.0,0.0,0.0,0.0,0.0,200.7455044999,0.0,0.0,200.7455044999,3168.5314197194
615,918,2014,0.0,0.0,0.0,0.0,0.0,0.0,0.0,0.0,0.0,3168.5314197194
616,918,2015,0.0,0.0,0.0,0.0,0.0,0.0,0.0,0.0,0.0,0.0
617,918,2016,0.0,0.0,0.0,0.0,0.0,950.5144244042999,0.0,0.0,950.5144244042999,4119.0458441237
618,918,2017,0.0,0.0,0.0,0.0,0.0,0.0,0.0,0.0,0.0,4119.0458441237
619,918,2018,0.0,0.0,0.0,0.0,0.0,0.0,0.0,0.0,0.0,0.0
620,918,2019,0.0,0.0,0.0,0.0,0.0,404.3073999979,0.0,0.0,404.3073999979,4523.3532441216
621,918,2020,0.0,0.0,0.0,0.0,0.0,0.0,0.0,0.0,0.0,4523.3532441216
622,918,2021,0.0,0.0,0.0,0.0,0.0,0.0,0.0,0.0,0.0,0.0
623,918,2022,0.0,0.0,0.0,0.0,0.0,0.0,0.0,0.0,0.0,0.0
624,919,2007,0.0,0.0,0.0,0.0,0.0,0.0,0.0,0.0,0.0,0.0
625,919,2008,0.0,0.0,0.0,0.0,0.0,0.0,0.0,0.0,0.0,0.0
626,919,2009,0.0,0.0,0.0,0.0,0.0,0.0,0.0,0.0,0.0,0.0
627,919,2010,0.0,899.9483530148,0.0,0.0,0.0,0.0,0.0,0.0,899.9483530148,899.9483530148
628,919,2011,0.0,0.0,0.0,0.0,0.0,0.0,0.0,0.0,0.0,899.9483530148
629,919,2012,0.0,0.0,0.0,0.0,0.0,0.0,0.0,0.0,0.0,0.0
630,919,2013,0.0,0.0,0.0,0.0,0.0,0.0,0.0,0.0,0.0,0.0
631,919,2014,0.0,0.0,0.0,0.0,0.0,0.0,0.0,0.0,0.0,0.0
632,919,2015,0.0,0.0,0.0,0.0,0.0,0.0,0.0,0.0,0.0,0.0
633,919,2016,0.0,0.0,0.0,0.0,0.0,950.5144244042999,0.0,0.0,950.5144244042999,1850.4627774191
634,919,2017,0.0,0.0,0.0,0.0,0.0,0.0,0.0,0.0,0.0,1850.4627774191
635,919,2018,0.0,0.0,0.0,0.0,0.0,0.0,0.0,0.0,0.0,0.0
636,919,2019,0.0,0.0,0.0,0.0,0.0,0.0,0.0,0.0,0.0,0.0
637,919,2020,0.0,0.0,0.0,0.0,0.0,0.0,263.23071559100003,0.0,0.0,1850.4627774191
638,919,2021,0.0,0.0,0.0,0.0,0.0,0.0,642.4250411944,0.0,0.0,1850.4627774191
639,919,2022,0.0,0.0,0.0,0.0,0.0,0.0,0.0,0.0,0.0,1850.4627774191
640,920,2007,0.0,0.0,0.0,0.0,0.0,0.0,0.0,0.0,0.0,0.0
641,920,2008,0.0,0.0,0.0,0.0,0.0,0.0,0.0,0.0,0.0,0.0
642,920,2009,0.0,0.0,0.0,0.0,0.0,0.0,0.0,0.0,0.0,0.0
643,920,2010,0.0,0.0,0.0,0.0,0.0,0.0,0.0,0.0,0.0,0.0
644,920,2011,0.0,0.0,0.0,0.0,0.0,903.4636142854,0.0,0.0,903.4636142854,903.4636142854
645,920,2012,0.0,0.0,0.0,0.0,0.0,0.0,0.0,0.0,0.0,903.4636142854
646,920,2013,0.0,0.0,0.0,0.0,0.0,735.2310494059,0.0,0.0,735.2310494059,1638.6946636912999
647,920,2014,0.0,0.0,0.0,0.0,0.0,0.0,0.0,0.0,0.0,1638.6946636912999
648,920,2015,0.0,0.0,0.0,0.0,0.0,0.0,0.0,0.0,0.0,0.0
649,920,2016,0.0,0.0,0.0,0.0,0.0,1236.5236161029,0.0,0.0,1236.5236161029,2875.2182797942
650,920,2017,0.0,0.0,0.0,0.0,0.0,0.0,0.0,0.0,0.0,2875.2182797942
651,920,2018,0.0,0.0,0.0,0.0,0.0,0.0,0.0,0.0,0.0,0.0
652,920,2019,0.0,0.0,0.0,0.0,0.0,0.0,0.0,0.0,0.0,0.0
653,920,2020,0.0,0.0,0.0,0.0,0.0,0.0,0.0,0.0,0.0,0.0
654,920,2021,0.0,0.0,0.0,0.0,0.0,0.0,0.0,0.0,0.0,0.0
655,920,2022,0.0,0.0,0.0,0.0,0.0,0.0,0.0,0.0,0.0,0.0
656,921.01,2007,0.0,0.0,0.0,0.0,0.0,0.0,0.0,0.0,0.0,0.0
657,921.01,2008,0.0,0.0,0.0,0.0,0.0,0.0,0.0,0.0,0.0,0.0
658,921.01,2009,0.0,0.0,0.0,0.0,0.0,0.0,0.0,0.0,0.0,0.0
659,921.01,2010,0.0,0.0,0.0,0.0,0.0,0.0,0.0,0.0,0.0,0.0
660,921.01,2011,0.0,0.0,0.0,0.0,0.0,1875.6383020998999,0.0,0.0,1875.6383020998999,1875.6383020998999
661,921.01,2012,0.0,457.9460160168,547.564950613,0.0,0.0,0.0,0.0,0.0,1005.5109666297999,2881.1492687296995
662,921.01,2013,0.0,583.6426001041,167.095600989,0.0,0.0,1736.9344580349,0.0,0.0,2487.672659128,5368.8219278577
663,921.01,2014,0.0,0.0,0.0,0.0,0.0,0.0,0.0,0.0,0.0,5368.8219278577
664,921.01,2015,0.0,0.0,0.0,0.0,0.0,0.0,0.0,0.0,0.0,0.0
665,921.01,2016,0.0,0.0,0.0,0.0,0.0,141.368047117,0.0,0.0,141.368047117,5510.1899749747
666,921.01,2017,0.0,0.0,0.0,0.0,0.0,0.0,0.0,0.0,0.0,5510.1899749747
667,921.01,2018,0.0,0.0,0.0,0.0,0.0,0.0,0.0,0.0,0.0,0.0
668,921.01,2019,0.0,0.0,0.0,0.0,0.0,0.0,0.0,0.0,0.0,0.0
669,921.01,2020,0.0,0.0,0.0,0.0,0.0,0.0,0.0,0.0,0.0,0.0
670,921.01,2021,0.0,0.0,0.0,0.0,0.0,0.0,0.0,0.0,0.0,0.0
671,921.01,2022,0.0,0.0,0.0,0.0,0.0,0.0,0.0,0.0,0.0,0.0
672,922,2007,0.0,0.0,0.0,0.0,0.0,0.0,0.0,0.0,0.0,0.0
673,922,2008,0.0,0.0,0.0,0.0,0.0,0.0,0.0,0.0,0.0,0.0
674,922,2009,0.0,0.0,0.0,0.0,0.0,0.0,0.0,0.0,0.0,0.0
675,922,2010,0.0,404.204326358,0.0,0.0,0.0,222.74630000870002,0.0,0.0,626.9506263667,626.9506263667
676,922,2011,0.0,0.0,0.0,0.0,0.0,1493.5946957812,0.0,0.0,1493.5946957812,2120.5453221479
677,922,2012,0.0,0.0,0.0,0.0,0.0,0.0,0.0,0.0,0.0,2120.5453221479
678,922,2013,0.0,0.0,0.0,0.0,0.0,476.4384196315,0.0,0.0,476.4384196315,2596.9837417793997
679,922,2014,0.0,0.0,0.0,0.0,0.0,0.0,0.0,0.0,0.0,2596.9837417793997
680,922,2015,0.0,0.0,0.0,0.0,0.0,0.0,0.0,0.0,0.0,0.0
681,922,2016,0.0,0.0,0.0,0.0,0.0,444.7087069805,0.0,0.0,444.7087069805,3041.6924487599
682,922,2017,0.0,210.43320415,0.0,0.0,0.0,86.5432816504,0.0,0.0,296.9764858004,3338.6689345603
683,922,2018,0.0,0.0,0.0,0.0,0.0,0.0,0.0,0.0,0.0,3338.6689345603
684,922,2019,0.0,0.0,0.0,0.0,0.0,0.0,0.0,0.0,0.0,0.0
685,922,2020,0.0,0.0,0.0,0.0,0.0,0.0,0.0,0.0,0.0,0.0
686,922,2021,0.0,0.0,0.0,0.0,0.0,0.0,0.0,0.0,0.0,0.0
687,922,2022,0.0,0.0,0.0,0.0,0.0,0.0,0.0,0.0,0.0,0.0
688,923,2007,0.0,0.0,0.0,0.0,0.0,0.0,0.0,0.0,0.0,0.0
689,923,2008,0.0,0.0,0.0,0.0,0.0,0.0,0.0,0.0,0.0,0.0
690,923,2009,0.0,0.0,0.0,0.0,0.0,0.0,0.0,0.0,0.0,0.0
691,923,2010,0.0,277.932423412,0.0,0.0,0.0,849.8446299443,0.0,0.0,1127.7770533563,1127.7770533563
692,923,2011,0.0,0.0,0.0,0.0,0.0,0.0,0.0,0.0,0.0,1127.7770533563
693,923,2012,0.0,0.0,0.0,0.0,0.0,0.0,0.0,0.0,0.0,0.0
694,923,2013,0.0,0.0,0.0,0.0,0.0,0.0,0.0,0.0,0.0,0.0
695,923,2014,0.0,0.0,0.0,0.0,0.0,0.0,0.0,0.0,0.0,0.0
696,923,2015,0.0,0.0,0.0,0.0,0.0,0.0,0.0,0.0,0.0,0.0
697,923,2016,0.0,0.0,0.0,0.0,0.0,0.0,0.0,0.0,0.0,0.0
698,923,2017,0.0,356.1231860543,0.0,0.0,0.0,86.5432816504,0.0,0.0,442.6664677047,1570.443521061
699,923,2018,0.0,0.0,0.0,0.0,0.0,0.0,279.2382290325,0.0,0.0,1570.443521061
700,923,2019,0.0,0.0,0.0,0.0,0.0,0.0,0.0,0.0,0.0,1570.443521061
701,923,2020,0.0,0.0,0.0,0.0,0.0,0.0,573.2388122629,0.0,0.0,1570.443521061
702,923,2021,0.0,0.0,0.0,0.0,0.0,0.0,333.286930864,0.0,0.0,1570.443521061
703,923,2022,0.0,0.0,0.0,0.0,0.0,0.0,0.0,0.0,0.0,1570.443521061
704,924,2007,0.0,0.0,0.0,0.0,0.0,0.0,0.0,0.0,0.0,0.0
705,924,2008,0.0,0.0,0.0,0.0,0.0,519.1491104487,0.0,0.0,519.1491104487,519.1491104487
706,924,2009,0.0,667.0203495901,0.0,0.0,0.0,0.0,0.0,0.0,667.0203495901,1186.1694600388
707,924,2010,0.0,781.8620678957,0.0,0.0,0.0,604.7266723649001,0.0,0.0,1386.5887402606,2572.7582002994
708,924,2011,0.0,0.0,0.0,0.0,0.0,0.0,0.0,0.0,0.0,2572.7582002994
709,924,2012,0.0,851.7796681812999,0.0,0.0,0.0,1951.2800271861,0.0,0.0,2803.0596953674,5375.8178956668
710,924,2013,0.0,0.0,0.0,0.0,0.0,0.0,0.0,0.0,0.0,5375.8178956668
711,924,2014,0.0,0.0,0.0,0.0,0.0,0.0,0.0,0.0,0.0,0.0
712,924,2015,0.0,0.0,0.0,0.0,0.0,0.0,0.0,0.0,0.0,0.0
713,924,2016,0.0,0.0,0.0,0.0,0.0,0.0,0.0,0.0,0.0,0.0
714,924,2017,0.0,0.0,0.0,0.0,0.0,0.0,0.0,0.0,0.0,0.0
715,924,2018,0.0,0.0,0.0,0.0,0.0,0.0,279.2382290325,113.44701866770001,113.44701866770001,5489.2649143345
716,924,2019,0.0,0.0,0.0,0.0,0.0,0.0,0.0,0.0,0.0,5489.2649143345
717,924,2020,0.0,0.0,0.0,1648.5870073686,0.0,0.0,573.2388122629,0.0,1648.5870073686,7137.8519217031
718,924,2021,0.0,0.0,0.0,0.0,0.0,0.0,333.286930864,0.0,0.0,7137.8519217031
719,924,2022,0.0,0.0,0.0,0.0,0.0,0.0,0.0,0.0,0.0,7137.8519217031
