tract,year,total_population,male,female,median_age,race_white,race_black,race_ai_alaskan,race_asian,race_hawaiian,race_other,race_hispanic,median_value,median_monthly_mort,median_monthly_rent
801,2010,2724,0.668,0.332,35,0.216,0.548,0.019,0.03,0,0.155,0.158,394400,2475,820
801,2011,3147,0.646,0.354,32.6,0.226,0.532,0.016,0.062,0,0.133,0.173,290600,2602,866
801,2012,2999,0.683,0.317,33,0.206,0.533,0.018,0.041,0,0.164,0.224,246600,2175,877
801,2013,3014,0.669,0.331,34.6,0.189,0.551,0.012,0.035,0,0.165,0.174,240200,1935,977
801,2014,2864,0.673,0.327,34.5,0.23,0.523,0.011,0.009,0,0.172,0.206,248100,1670,1007
801,2015,2814,0.668,0.332,33.4,0.226,0.537,0.018,0.019,0,0.19,0.254,323300,1850,1070
801,2016,2771,0.663,0.337,32.4,0.178,0.534,0.011,0.009,0,0.258,0.282,379300,2176,996
801,2017,2724,0.643,0.357,33.1,0.207,0.495,0.004,0.009,0,0.282,0.324,413600,2335,1044
801,2018,2690,0.607,0.393,30.6,0.193,0.499,0.021,0.016,0,0.257,0.325,446300,2336,1109
801,2019,2749,0.593,0.407,30.5,0.182,0.511,0.024,0.016,0,0.238,0.272,477600,2175,1192
801,2020,2800,0.601,0.399,33.1,0.241,0.485,0.018,0.014,0,0.205,0.235,651800,2016,1303
801,2021,2654,0.65,0.35,34.4,0.266,0.372,0.032,0.015,0,0.213,0.347,615900,2185,1429
803,2010,1739,0.368,0.632,24.8,0.074,0.79,0,0,0,0.077,0.207,379200,1858,618
803,2011,1732,0.349,0.651,27.2,0.113,0.719,0,0,0,0.135,0.305,350800,1669,489
803,2012,1685,0.362,0.638,27.8,0.166,0.632,0,0,0,0.169,0.359,357100,1684,444
803,2013,1850,0.431,0.569,30.1,0.176,0.557,0,0.001,0,0.237,0.356,325300,1576,738
803,2014,2049,0.45,0.55,30.5,0.138,0.597,0.005,0,0,0.226,0.298,223200,1353,950
803,2015,2071,0.465,0.535,30.8,0.131,0.572,0.009,0.023,0,0.213,0.315,212500,1289,1017
803,2016,2075,0.459,0.541,33.4,0.124,0.613,0.011,0.037,0,0.167,0.228,266700,1389,1065
803,2017,2342,0.454,0.546,32.1,0.076,0.694,0.014,0.021,0,0.151,0.235,337200,1494,1143
803,2018,2089,0.458,0.542,31.3,0.092,0.695,0.021,0.022,0,0.11,0.296,294600,1494,1108
803,2019,2205,0.427,0.573,30.9,0.122,0.71,0.01,0.024,0,0.058,0.253,287900,2244,970
803,2020,2200,0.369,0.631,30.6,0.204,0.62,0,0.048,0,0.061,0.182,345000,2119,1143
803,2021,2395,0.38,0.62,27.6,0.299,0.509,0,0.033,0,0.046,0.315,387300,2176,1374
805,2010,2744,0.438,0.562,28.3,0.266,0.535,0.004,0,0,0.171,0.425,165100,1401,472
805,2011,3067,0.469,0.531,23.8,0.161,0.574,0.002,0.014,0,0.211,0.373,413500,2125,445
805,2012,2629,0.461,0.539,33.1,0.171,0.463,0,0.021,0,0.296,0.423,550000,,524
805,2013,3168,0.427,0.573,25.7,0.2,0.378,0,0.015,0,0.353,0.61,290000,,487
805,2014,3073,0.453,0.547,29.1,0.191,0.424,0,0.015,0,0.308,0.52,410700,4000,565
805,2015,3286,0.463,0.537,29.1,0.212,0.413,0,0.02,0,0.287,0.506,388200,,644
805,2016,3195,0.488,0.512,29.5,0.203,0.448,0,0.021,0,0.311,0.473,420600,,635
805,2017,3123,0.496,0.504,30.4,0.215,0.408,0,0.037,0,0.305,0.488,484800,2350,646
805,2018,3212,0.509,0.491,28.8,0.195,0.461,0,0.059,0,0.267,0.437,492000,2329,611
805,2019,3600,0.466,0.534,27.5,0.139,0.466,0,0.057,0,0.318,0.424,512100,,556
805,2020,3455,0.446,0.554,29.5,0.139,0.449,0.019,0.064,0,0.282,0.359,,,791
805,2021,3589,0.414,0.586,32.2,0.115,0.378,0.059,0.049,0,0.294,0.354,546900,,993
806.01,2010,2349,0.495,0.505,22.3,0.448,0.32,0,0.117,0,0.101,0.312,149600,1048,599
806.01,2011,2897,0.472,0.528,21.5,0.48,0.311,0,0.127,0,0.062,0.251,143900,1000,691
806.01,2012,3365,0.453,0.547,20.9,0.533,0.245,0,0.124,0,0.072,0.193,161100,1311,901
806.01,2013,3756,0.493,0.507,20.7,0.501,0.254,0,0.136,0,0.088,0.176,162500,1253,712
806.01,2014,4138,0.477,0.523,20.3,0.504,0.256,0,0.131,0,0.087,0.192,225000,1361,667
806.01,2015,4540,0.497,0.503,20.3,0.465,0.301,0.001,0.149,0,0.06,0.152,262500,1443,575
806.01,2016,4524,0.493,0.507,20.3,0.471,0.283,0.005,0.16,0,0.058,0.141,300000,1409,534
806.01,2017,4334,0.491,0.509,20.4,0.44,0.286,0.01,0.178,0,0.064,0.159,324100,1548,548
806.01,2018,4126,0.452,0.548,20.6,0.452,0.275,0.012,0.176,0,0.061,0.168,296900,2214,535
806.01,2019,4022,0.441,0.559,20.7,0.432,0.273,0.013,0.203,0,0.058,0.146,356800,2013,624
806.01,2020,3908,0.438,0.562,20.8,0.425,0.206,0.009,0.252,0,0.074,0.161,312500,1704,588
806.01,2021,3884,0.433,0.567,20.8,0.406,0.208,0,0.262,0,0.063,0.141,402300,2250,971
813,2010,5230,0.514,0.486,30.3,0.167,0.479,0,0.059,0,0.261,0.467,413800,2118,409
813,2011,5129,0.458,0.542,31,0.143,0.467,0,0.038,0,0.325,0.511,427300,1958,457
813,2012,5135,0.506,0.494,30.1,0.227,0.432,0.003,0.03,0,0.256,0.448,279200,1867,674
813,2013,5382,0.481,0.519,29.6,0.224,0.471,0.002,0.034,0,0.222,0.397,272900,2109,702
813,2014,5568,0.518,0.482,31.8,0.234,0.421,0.002,0.016,0,0.273,0.447,258300,2080,522
813,2015,5428,0.478,0.522,33,0.188,0.416,0.002,0.025,0,0.298,0.428,256900,2210,507
813,2016,5300,0.475,0.525,35.7,0.209,0.397,0.003,0.024,0,0.273,0.418,290800,2098,509
813,2017,5573,0.491,0.509,35.3,0.162,0.454,0,0.025,0,0.288,0.437,286900,2068,507
813,2018,5326,0.501,0.499,35.9,0.176,0.46,0,0.036,0,0.265,0.398,,1915,473
813,2019,4885,0.431,0.569,45.3,0.226,0.44,0,0.023,0,0.22,0.443,484100,2250,536
813,2020,2320,0.386,0.614,45.2,0.31,0.298,0,0,0,0.306,0.621,,,318
813,2021,2794,0.539,0.461,40.4,0.147,0.299,0,0,0,0.249,0.527,,,895
814,2010,2943,0.561,0.439,30.9,0.283,0.565,0,0.052,0,0.054,0.126,419900,2231,1159
814,2011,2778,0.535,0.465,32.1,0.283,0.608,0,0.042,0,0.027,0.116,390800,2500,1306
814,2012,2707,0.539,0.461,27.8,0.366,0.553,0,0.027,0,0.022,0.102,374800,2356,1319
814,2013,2940,0.568,0.432,27.5,0.333,0.519,0,0.056,0,0.063,0.125,376000,2202,1326
814,2014,2919,0.544,0.456,28.8,0.349,0.477,0,0.073,0,0.083,0.129,354700,2170,1261
814,2015,2861,0.539,0.461,30,0.348,0.472,0,0.066,0,0.092,0.128,323500,1730,1355
814,2016,2754,0.528,0.472,30,0.366,0.446,0,0.065,0,0.088,0.152,336800,1725,1055
814,2017,2920,0.551,0.449,32.2,0.362,0.448,0,0.073,0,0.088,0.174,350000,1623,1172
814,2018,2941,0.507,0.493,37.2,0.415,0.413,0,0.054,0,0.086,0.193,385600,1643,1463
814,2019,2924,0.495,0.505,32.8,0.433,0.438,0,0.072,0,0.029,0.136,444100,1722,1637
814,2020,2997,0.491,0.509,33.8,0.458,0.407,0,0.045,0,0.062,0.168,558900,1592,1346
814,2021,3264,0.505,0.495,31.9,0.421,0.426,0,0.051,0,0.048,0.154,785500,1833,1456
815,2010,2091,0.448,0.552,33,0.134,0.749,0,0,0,0.064,0.14,275000,1443,1064
815,2011,2027,0.434,0.566,34.3,0.157,0.681,0,0.024,0,0.066,0.187,291300,1484,897
815,2012,2073,0.475,0.525,36.7,0.151,0.653,0,0.03,0,0.08,0.256,278400,1530,935
815,2013,2126,0.507,0.493,34.8,0.159,0.657,0,0.035,0,0.084,0.239,272100,1605,994
815,2014,2195,0.521,0.479,32.8,0.161,0.627,0,0.037,0,0.139,0.263,292500,1679,1102
815,2015,2185,0.506,0.494,30.9,0.152,0.577,0,0.03,0,0.214,0.308,299500,1770,1007
815,2016,2242,0.492,0.508,32.1,0.154,0.605,0,0.013,0,0.211,0.297,293700,1838,977
815,2017,2453,0.469,0.531,30.9,0.122,0.584,0,0.019,0.003,0.247,0.326,341000,1990,850
815,2018,2616,0.414,0.586,30.8,0.15,0.557,0.003,0.019,0.003,0.236,0.304,381100,2220,832
815,2019,2807,0.392,0.608,32.2,0.162,0.561,0.006,0.02,0.004,0.194,0.244,436300,1982,1000
815,2020,2963,0.356,0.644,32.4,0.182,0.613,0.006,0.016,0.005,0.112,0.199,414800,1957,1199
815,2021,2888,0.356,0.644,32.3,0.149,0.589,0.005,0.02,0.005,0.165,0.22,431200,2269,1664
817,2010,3446,0.473,0.527,33.8,0.047,0.793,0,0.025,0,0.105,0.131,363700,2018,726
817,2011,3709,0.492,0.508,27.8,0.05,0.711,0.005,0.043,0,0.119,0.181,347300,2194,699
817,2012,3453,0.451,0.549,33.1,0.054,0.695,0.005,0.031,0,0.146,0.195,316100,2054,601
817,2013,3277,0.42,0.58,36.7,0.036,0.727,0.004,0.035,0,0.115,0.162,336400,2173,640
817,2014,3437,0.43,0.57,35.9,0.053,0.727,0.004,0.016,0,0.129,0.184,346600,1716,684
817,2015,3337,0.443,0.557,40.1,0.066,0.737,0.003,0.038,0,0.075,0.155,330200,1732,675
817,2016,3404,0.437,0.563,36.6,0.076,0.742,0,0.046,0,0.096,0.158,411900,1682,715
817,2017,3882,0.446,0.554,36.4,0.07,0.7,0.075,0.041,0,0.065,0.145,434600,1949,822
817,2018,4151,0.46,0.54,32.4,0.093,0.671,0.072,0.05,0,0.088,0.189,439200,1993,908
817,2019,3990,0.416,0.584,33.6,0.057,0.671,0.076,0.011,0,0.143,0.276,499300,2197,905
817,2020,4238,0.434,0.566,36.9,0.06,0.661,0.079,0.024,0,0.122,0.21,658100,2229,762
817,2021,4390,0.458,0.542,37.3,0.052,0.644,0.102,0.02,0,0.122,0.226,656900,2187,711
818,2010,2793,0.412,0.588,32.5,0.09,0.694,0.015,0.023,0,0.119,0.238,331200,2228,1095
818,2011,2802,0.397,0.603,33.1,0.088,0.705,0.008,0,0,0.138,0.257,317300,2289,1047
818,2012,3147,0.399,0.601,32.9,0.087,0.714,0.008,0,0,0.149,0.264,313700,2068,1011
818,2013,3233,0.391,0.609,34.1,0.072,0.746,0.005,0,0,0.151,0.283,313900,1982,889
818,2014,3200,0.372,0.628,34.2,0.054,0.76,0.007,0,0,0.138,0.262,329600,2005,987
818,2015,3590,0.394,0.606,34.5,0.065,0.753,0,0,0,0.154,0.289,347800,1769,969
818,2016,3738,0.42,0.58,38.7,0.03,0.809,0,0,0,0.109,0.302,408300,1893,976
818,2017,3535,0.427,0.573,36.2,0.05,0.716,0,0,0,0.107,0.391,416800,2552,1005
818,2018,3489,0.464,0.536,32,0.054,0.616,0,0,0,0.182,0.361,416300,2425,925
818,2019,3300,0.449,0.551,34.6,0.067,0.583,0,0.005,0,0.225,0.359,422400,1893,805
818,2020,3133,0.512,0.488,35.4,0.081,0.621,0,0.007,0,0.179,0.296,412800,1725,796
818,2021,3127,0.501,0.499,34.9,0.064,0.573,0,0.008,0,0.236,0.327,434400,1955,
819,2010,2357,0.423,0.577,35.1,0.07,0.823,0,0,0,0.102,0.214,325500,2082,883
819,2011,2512,0.453,0.547,35.2,0.074,0.838,0,0,0,0.087,0.2,245600,2185,955
819,2012,2883,0.472,0.528,30.6,0.159,0.773,0,0,0,0.067,0.276,262500,2155,943
819,2013,3212,0.426,0.574,30.6,0.138,0.738,0,0,0,0.12,0.311,282500,2056,941
819,2014,3142,0.407,0.593,30.7,0.099,0.755,0,0.006,0,0.124,0.288,236800,1985,943
819,2015,3515,0.395,0.605,30.5,0.117,0.716,0,0.005,0,0.102,0.283,289600,,615
819,2016,3350,0.402,0.598,33.8,0.127,0.714,0,0.007,0,0.103,0.298,432400,1829,634
819,2017,3547,0.431,0.569,36,0.081,0.696,0,0.006,0,0.137,0.313,428300,1727,901
819,2018,3494,0.452,0.548,35.4,0.107,0.654,0,0.007,0,0.134,0.33,466200,1854,908
819,2019,3704,0.443,0.557,37.3,0.149,0.681,0,0,0,0.08,0.318,582400,1754,1014
819,2020,3388,0.414,0.586,41,0.127,0.727,0,0,0,0.063,0.255,,1954,978
819,2021,3333,0.382,0.618,41.8,0.114,0.675,0,0,0,0.099,0.292,225700,2435,1283
820,2010,2542,0.449,0.551,37.9,0.029,0.879,0,0,0,0.08,0.167,423200,2884,866
820,2011,2702,0.462,0.538,35.6,0.071,0.78,0,0.003,0,0.135,0.202,381700,2868,892
820,2012,2865,0.451,0.549,40,0.061,0.873,0,0.011,0,0.041,0.098,336200,2671,876
820,2013,2837,0.459,0.541,40.7,0.062,0.875,0,0.012,0,0.034,0.106,295100,2537,801
820,2014,2719,0.447,0.553,42,0.089,0.842,0,0.008,0,0.05,0.146,306400,2401,824
820,2015,2725,0.452,0.548,40.4,0.142,0.79,0,0.009,0,0.047,0.199,364400,2415,1005
820,2016,2825,0.459,0.541,37.9,0.098,0.836,0,0.007,0,0.047,0.142,432100,2629,1077
820,2017,2907,0.466,0.534,37.9,0.119,0.69,0,0.003,0,0.152,0.266,443800,2686,1088
820,2018,3409,0.444,0.556,34.4,0.129,0.673,0,0.003,0,0.16,0.282,461800,1985,1064
820,2019,3421,0.457,0.543,35.8,0.144,0.679,0,0.005,0,0.133,0.248,491700,2240,1137
820,2020,3708,0.479,0.521,34.3,0.122,0.727,0,0.009,0,0.106,0.19,559400,2240,1066
820,2021,3605,0.46,0.54,35.8,0.133,0.682,0,0.007,0,0.107,0.247,566300,2361,1100
821,2010,4822,0.446,0.554,28,0.095,0.706,0.002,0,0.003,0.148,0.318,475500,2278,447
821,2011,5120,0.442,0.558,27.2,0.084,0.717,0.004,0,0,0.176,0.307,434700,2531,456
821,2012,5005,0.423,0.577,28.5,0.078,0.734,0,0,0,0.166,0.318,408200,2500,465
821,2013,4924,0.458,0.542,27.4,0.083,0.664,0,0.017,0,0.216,0.352,323300,2539,399
821,2014,5013,0.46,0.54,28.1,0.081,0.669,0,0.019,0,0.203,0.355,275000,2411,429
821,2015,5243,0.467,0.533,28,0.084,0.644,0,0.018,0,0.215,0.316,232400,2046,505
821,2016,5245,0.455,0.545,30.7,0.085,0.631,0,0.018,0,0.145,0.339,221600,,487
821,2017,5396,0.472,0.528,32.1,0.067,0.656,0,0.006,0,0.134,0.258,521800,1925,460
821,2018,5750,0.442,0.558,31.3,0.08,0.626,0,0.003,0,0.191,0.291,545100,2666,482
821,2019,5998,0.443,0.557,32.9,0.12,0.582,0,0,0,0.175,0.31,579400,2578,589
821,2020,5420,0.385,0.615,34.4,0.165,0.481,0,0,0,0.241,0.387,641600,2474,638
821,2021,5766,0.382,0.618,33,0.174,0.502,0,0,0,0.232,0.331,651800,2431,649
901,2010,4658,0.446,0.554,32.5,0.047,0.748,0.004,0.021,0,0.145,0.22,395200,2275,923
901,2011,4948,0.44,0.56,33.3,0.051,0.749,0.003,0.02,0,0.154,0.184,393100,2390,934
901,2012,4954,0.472,0.528,30.5,0.054,0.777,0,0.019,0,0.113,0.173,365600,2295,932
901,2013,5005,0.48,0.52,30.3,0.07,0.732,0,0.02,0,0.15,0.215,353600,2160,976
901,2014,5132,0.437,0.563,30.7,0.073,0.726,0,0.019,0,0.154,0.22,365300,2333,940
901,2015,4812,0.431,0.569,31.9,0.078,0.726,0,0.009,0,0.159,0.216,378400,2603,901
901,2016,4872,0.44,0.56,31.2,0.081,0.719,0,0.008,0,0.145,0.276,382400,2852,692
901,2017,4949,0.444,0.556,31.8,0.062,0.684,0,0.013,0,0.201,0.307,434400,3130,684
901,2018,5148,0.454,0.546,31,0.056,0.7,0,0.013,0,0.185,0.308,466300,3016,904
901,2019,5026,0.502,0.498,31.9,0.073,0.658,0,0.017,0,0.2,0.351,470300,2447,973
901,2020,5290,0.523,0.477,32.2,0.08,0.69,0,0.005,0,0.17,0.319,490600,2206,1318
901,2021,5213,0.509,0.491,33.5,0.114,0.627,0,0.005,0,0.179,0.34,544500,2120,1350
902,2010,2075,0.442,0.558,25.5,0,0.659,0,0,0,0.341,0.347,427900,3333,481
902,2011,2422,0.439,0.561,25.3,0.019,0.592,0,0.039,0.01,0.337,0.343,359100,1721,575
902,2012,2453,0.444,0.556,25.6,0.033,0.528,0,0.033,0.008,0.392,0.397,426600,2157,614
902,2013,2235,0.476,0.524,29.5,0.043,0.542,0,0.052,0.009,0.339,0.361,300000,1966,799
902,2014,2526,0.451,0.549,29.4,0.054,0.354,0,0.04,0.009,0.503,0.499,390900,2104,809
902,2015,2383,0.507,0.493,30.4,0.084,0.47,0,0.046,0.011,0.329,0.374,423200,1973,792
902,2016,2481,0.52,0.48,28.4,0.073,0.528,0,0.007,0,0.294,0.402,454200,1996,843
902,2017,2455,0.507,0.493,28.7,0.082,0.592,0,0.007,0,0.205,0.365,437500,2344,893
902,2018,2587,0.499,0.501,27,0.102,0.574,0,0.002,0,0.184,0.347,522400,2635,955
902,2019,2348,0.498,0.502,26.8,0.123,0.628,0,0.003,0,0.064,0.357,484000,2571,966
902,2020,2411,0.512,0.488,25,0.131,0.681,0,0.004,0,0.109,0.324,616400,2909,957
902,2021,3113,0.515,0.485,26.6,0.057,0.508,0,0.006,0,0.052,0.214,680800,3056,735
903,2010,2525,0.491,0.509,25.6,0.087,0.639,0.009,0,0,0.26,0.322,569600,2133,770
903,2011,2578,0.49,0.51,27.1,0.104,0.641,0.059,0,0,0.191,0.273,419000,1971,535
903,2012,3176,0.405,0.595,27.4,0.097,0.605,0.057,0,0,0.218,0.308,360700,2145,682
903,2013,3368,0.374,0.626,27.6,0.085,0.554,0.066,0,0,0.259,0.34,316200,1909,641
903,2014,3648,0.375,0.625,29.1,0.049,0.656,0.069,0,0,0.2,0.27,336100,1759,697
903,2015,3631,0.324,0.676,27.4,0.081,0.656,0.045,0,0,0.187,0.288,249700,,740
903,2016,3559,0.38,0.62,29.4,0.05,0.695,0,0,0,0.227,0.313,331800,1931,834
903,2017,3389,0.419,0.581,25.7,0.05,0.693,0,0,0,0.236,0.343,377400,1808,856
903,2018,3469,0.448,0.552,26.3,0.13,0.703,0,0,0,0.153,0.326,406200,2125,1017
903,2019,3095,0.476,0.524,31.6,0.153,0.642,0,0,0,0.196,0.349,453800,2246,1038
903,2020,3071,0.523,0.477,31.2,0.134,0.56,0,0,0,0.3,0.467,483700,2390,1063
903,2021,3216,0.508,0.492,32,0.204,0.451,0,0,0,0.193,0.533,490800,2349,1372
904,2010,3529,0.455,0.545,27.7,0.035,0.631,0,0.021,0,0.283,0.313,343500,1688,691
904,2011,3561,0.454,0.546,27.4,0.076,0.655,0,0.024,0,0.203,0.319,310600,1453,927
904,2012,3665,0.479,0.521,27.9,0.109,0.685,0,0.01,0,0.153,0.307,215000,1385,789
904,2013,3569,0.463,0.537,27.2,0.171,0.645,0,0.007,0,0.135,0.319,216500,1398,1053
904,2014,3413,0.435,0.565,28.1,0.175,0.61,0,0.008,0,0.148,0.323,283200,1489,985
904,2015,3965,0.458,0.542,27.9,0.121,0.626,0,0.026,0,0.194,0.331,298900,1446,930
904,2016,4198,0.458,0.542,28.5,0.104,0.687,0,0.025,0,0.164,0.372,312400,1469,896
904,2017,4310,0.449,0.551,31.6,0.087,0.658,0,0.033,0,0.136,0.308,305800,1521,1093
904,2018,4318,0.431,0.569,32.3,0.072,0.671,0,0.029,0,0.133,0.404,343100,2014,963
904,2019,4396,0.458,0.542,33.8,0.068,0.702,0,0.02,0,0.123,0.416,368400,2147,913
904,2020,4415,0.455,0.545,33.4,0.069,0.77,0,0.004,0,0.075,0.314,398300,2257,1040
904,2021,3906,0.444,0.556,33,0.085,0.686,0.005,0.018,0,0.08,0.263,502600,2457,929
906,2010,1805,0.361,0.639,30.7,0.077,0.607,0,0.001,0,0.28,0.212,363300,1586,1217
906,2011,1821,0.379,0.621,30.7,0.079,0.657,0,0,0,0.214,0.161,346900,1757,1249
906,2012,2163,0.448,0.552,29.9,0.051,0.662,0.012,0,0,0.247,0.165,339300,1897,1333
906,2013,2053,0.413,0.587,31.5,0.063,0.673,0.014,0,0,0.204,0.142,335300,1939,1226
906,2014,2099,0.441,0.559,33.4,0.076,0.655,0.01,0.004,0,0.198,0.153,331800,1871,1130
906,2015,2337,0.454,0.546,33,0.114,0.623,0.009,0.004,0,0.203,0.215,315800,1772,1253
906,2016,2581,0.491,0.509,31.7,0.102,0.666,0.016,0.028,0,0.159,0.196,306300,1702,1316
906,2017,2442,0.511,0.489,32.1,0.121,0.663,0.002,0.056,0,0.141,0.204,337200,1660,1365
906,2018,2599,0.56,0.44,32.1,0.115,0.674,0.002,0.054,0,0.142,0.181,334300,1570,1363
906,2019,2740,0.557,0.443,32.1,0.105,0.674,0.002,0.061,0,0.142,0.181,372200,1700,1401
906,2020,2627,0.577,0.423,34.8,0.095,0.676,0.002,0.054,0,0.109,0.133,455600,1836,1381
906,2021,2446,0.549,0.451,35.9,0.108,0.666,0,0.006,0,0.089,0.125,551700,2153,1543
907,2010,4157,0.527,0.473,33.9,0.683,0.045,0,0.194,0,0.067,0.093,344400,2080,1240
907,2011,4010,0.53,0.47,35.7,0.598,0.096,0,0.199,0,0.094,0.086,342800,2154,1222
907,2012,4172,0.546,0.454,35.9,0.613,0.102,0,0.21,0,0.074,0.078,335200,2129,1259
907,2013,4708,0.581,0.419,33.3,0.538,0.097,0.004,0.206,0,0.151,0.143,346000,2079,1256
907,2014,4547,0.581,0.419,33.2,0.545,0.087,0.005,0.168,0,0.182,0.173,341300,1988,1229
907,2015,4613,0.582,0.418,34.4,0.527,0.105,0.007,0.177,0,0.168,0.158,356300,2098,1197
907,2016,4549,0.583,0.417,32.5,0.589,0.043,0.007,0.157,0,0.184,0.177,371700,2081,1201
907,2017,4179,0.608,0.392,34.8,0.573,0.078,0.008,0.121,0,0.19,0.198,402700,2156,1368
907,2018,3884,0.555,0.445,34.3,0.749,0.085,0,0.079,0,0.068,0.096,440300,2205,1577
907,2019,3878,0.541,0.459,34.1,0.765,0.084,0,0.076,0,0.045,0.102,500600,2353,1537
907,2020,4058,0.492,0.508,34.6,0.754,0.072,0,0.053,0,0.078,0.129,628800,2397,1536
907,2021,4092,0.458,0.542,35.1,0.751,0.072,0,0.074,0,0.055,0.121,676100,2472,1538
909.01,2010,4026,0.51,0.49,24.3,0.332,0.317,0.008,0.192,0,0.118,0.249,,,1350
909.01,2011,3946,0.491,0.509,23.9,0.344,0.265,0.004,0.237,0,0.111,0.254,,,1368
909.01,2012,3826,0.522,0.478,24.5,0.323,0.24,0.006,0.258,0,0.133,0.279,,,1500
909.01,2013,3906,0.511,0.489,24.5,0.349,0.196,0.007,0.246,0,0.162,0.277,,,1567
909.01,2014,3700,0.528,0.472,25,0.335,0.175,0.007,0.3,0,0.164,0.228,,,1678
909.01,2015,3832,0.509,0.491,25.1,0.342,0.137,0.015,0.313,0,0.187,0.245,,,1823
909.01,2016,3918,0.481,0.519,25,0.358,0.138,0.011,0.311,0,0.176,0.24,,,1907
909.01,2017,3853,0.469,0.531,24.5,0.366,0.133,0.01,0.281,0,0.189,0.271,,,1943
909.01,2018,3789,0.495,0.505,24.5,0.331,0.108,0.01,0.284,0,0.247,0.345,,,1935
909.01,2019,3653,0.495,0.505,24.6,0.36,0.127,0.011,0.268,0,0.214,0.336,,,2017
909.01,2020,3219,0.471,0.529,24.2,0.361,0.139,0.005,0.292,0,0.155,0.288,,,2079
909.01,2021,3058,0.45,0.55,24.9,0.335,0.222,0.015,0.247,0,0.128,0.261,,,1857
910.01,2010,2479,0.468,0.532,38.1,0.756,0.075,0,0.149,0,0.019,0.017,376000,2084,1115
910.01,2011,2674,0.512,0.488,37.4,0.635,0.071,0,0.249,0,0.04,0.026,335600,1905,1121
910.01,2012,2811,0.514,0.486,36.4,0.525,0.156,0,0.269,0,0.041,0.025,307600,1836,1057
910.01,2013,2970,0.519,0.481,33.8,0.573,0.133,0,0.23,0,0.044,0.023,325300,1902,1207
910.01,2014,3134,0.525,0.475,35.7,0.573,0.13,0,0.25,0,0.027,0.021,334600,1934,1227
910.01,2015,3217,0.496,0.504,35,0.57,0.148,0,0.254,0,0.014,0.025,332400,1885,1236
910.01,2016,3232,0.515,0.485,34.2,0.597,0.148,0,0.243,0,0.002,0.024,364400,2022,1404
910.01,2017,3046,0.487,0.513,33.6,0.619,0.121,0,0.244,0,0.005,0.028,382700,2202,1538
910.01,2018,2967,0.471,0.529,33.6,0.594,0.147,0.002,0.251,0,0.006,0.049,417400,2240,1650
910.01,2019,2821,0.458,0.542,34.3,0.557,0.225,0.002,0.205,0,0.006,0.045,475000,2319,1594
910.01,2020,2772,0.466,0.534,36.2,0.618,0.142,0.003,0.223,0,0.007,0.052,546300,2345,1807
910.01,2021,3130,0.458,0.542,35.4,0.538,0.154,0.005,0.216,0,0.054,0.08,546800,2305,2198
911,2010,4344,0.481,0.519,33.2,0.532,0.122,0,0.272,0.014,0.041,0.019,373700,2160,1226
911,2011,4643,0.46,0.54,32.8,0.561,0.069,0,0.244,0.012,0.093,0.066,343200,2189,1194
911,2012,4842,0.459,0.541,31.8,0.509,0.083,0,0.267,0,0.101,0.065,321700,2154,1267
911,2013,5547,0.474,0.526,31.4,0.545,0.055,0,0.292,0,0.074,0.058,299400,2153,1276
911,2014,5300,0.48,0.52,31.1,0.542,0.051,0,0.287,0,0.075,0.062,333100,2105,1313
911,2015,5477,0.513,0.487,31.8,0.547,0.045,0,0.275,0,0.091,0.071,353000,1999,1309
911,2016,5318,0.519,0.481,31.3,0.569,0.054,0.001,0.265,0,0.053,0.064,383600,2054,1429
911,2017,5044,0.521,0.479,32,0.568,0.049,0.002,0.277,0,0.038,0.069,397500,2048,1522
911,2018,4758,0.507,0.493,32.6,0.604,0.07,0,0.215,0,0.043,0.07,432400,2099,1678
911,2019,4818,0.511,0.489,32.8,0.563,0.075,0.001,0.249,0,0.034,0.087,457700,2081,1847
911,2020,4931,0.458,0.542,34.3,0.546,0.07,0.001,0.268,0,0.026,0.092,568300,1958,1797
911,2021,4616,0.473,0.527,35.2,0.52,0.099,0,0.274,0,0.018,0.079,639500,1923,1961
912,2010,2888,0.532,0.468,29.1,0.406,0.211,0,0.07,0,0.275,0.137,343800,2209,1081
912,2011,2957,0.567,0.433,30.6,0.471,0.215,0,0.051,0,0.209,0.146,403400,2286,1106
912,2012,2936,0.538,0.462,28.6,0.48,0.197,0,0.061,0,0.197,0.161,389500,2207,1090
912,2013,3088,0.512,0.488,30,0.424,0.244,0.012,0.018,0,0.213,0.19,420000,2262,1095
912,2014,3167,0.509,0.491,30.9,0.368,0.248,0.017,0.012,0,0.231,0.241,400000,2296,1119
912,2015,3241,0.484,0.516,32.6,0.387,0.263,0.023,0.013,0,0.217,0.233,376600,2124,1132
912,2016,3147,0.51,0.49,33.9,0.381,0.302,0.024,0.057,0,0.118,0.176,424400,2180,1191
912,2017,3022,0.544,0.456,36.4,0.412,0.311,0.027,0.066,0,0.073,0.18,411900,2284,1121
912,2018,3265,0.546,0.454,36.1,0.408,0.305,0.008,0.142,0,0.052,0.196,444400,2265,1325
912,2019,3375,0.58,0.42,36.6,0.478,0.268,0.007,0.14,0,0.039,0.175,488200,2310,1339
912,2020,3200,0.588,0.412,35.5,0.486,0.233,0.004,0.14,0,0.05,0.195,621400,2350,1213
912,2021,3099,0.535,0.465,35.5,0.471,0.256,0.007,0.112,0,0.089,0.246,639800,2458,1310
913,2010,1741,0.441,0.559,31.4,0.082,0.373,0.026,0.079,0,0.435,0.218,444400,2652,1215
913,2011,1887,0.523,0.477,31.2,0.115,0.368,0.011,0.081,0,0.394,0.164,295900,1704,1155
913,2012,2241,0.521,0.479,29.5,0.116,0.419,0.008,0.07,0,0.364,0.203,321200,1872,1152
913,2013,2525,0.485,0.515,29.4,0.131,0.404,0,0.072,0,0.358,0.212,292400,1729,1140
913,2014,2583,0.491,0.509,31.6,0.145,0.397,0,0.014,0,0.404,0.235,245300,1685,1167
913,2015,2596,0.503,0.497,32.2,0.232,0.408,0,0.009,0,0.311,0.291,295500,1693,1096
913,2016,2696,0.511,0.489,33.8,0.181,0.49,0,0.029,0,0.259,0.268,373300,1710,1121
913,2017,2559,0.496,0.504,32.4,0.193,0.54,0.008,0.038,0,0.188,0.246,413700,1693,1067
913,2018,2561,0.497,0.503,30.5,0.184,0.592,0.008,0.034,0,0.145,0.227,429400,1721,1215
913,2019,2676,0.493,0.507,30.9,0.157,0.674,0.008,0.042,0,0.102,0.231,463400,2434,1164
913,2020,2759,0.459,0.541,29.2,0.077,0.669,0.029,0.047,0,0.09,0.119,507700,2526,990
913,2021,2401,0.461,0.539,28.6,0.103,0.56,0.033,0.025,0,0.072,0.125,514200,2432,850
914,2010,2171,0.404,0.596,37.9,0.14,0.601,0.006,0.047,0,0.188,0.236,259500,1733,915
914,2011,2093,0.449,0.551,35.6,0.193,0.559,0.002,0.034,0,0.196,0.323,295800,1966,759
914,2012,2197,0.468,0.532,36.2,0.186,0.504,0.002,0.044,0,0.231,0.345,277900,1933,818
914,2013,2357,0.511,0.489,36.3,0.165,0.449,0.002,0.022,0,0.334,0.296,251300,1831,804
914,2014,2608,0.53,0.47,32.5,0.156,0.454,0.01,0.025,0,0.326,0.325,232300,1953,954
914,2015,2721,0.534,0.466,36.1,0.142,0.477,0.007,0.01,0,0.34,0.328,245800,1895,966
914,2016,2952,0.544,0.456,35.7,0.152,0.474,0.008,0.008,0,0.298,0.342,271900,1918,964
914,2017,3089,0.538,0.462,36,0.129,0.509,0.006,0.008,0,0.296,0.354,296200,2024,1003
914,2018,3165,0.544,0.456,35.1,0.141,0.497,0.013,0.008,0,0.278,0.355,355100,1815,1029
914,2019,3244,0.502,0.498,35.2,0.137,0.507,0,0.014,0,0.295,0.375,389200,1718,1006
914,2020,3337,0.476,0.524,36.2,0.135,0.506,0,0.015,0,0.234,0.387,393700,1748,1065
914,2021,3023,0.457,0.543,38.3,0.139,0.485,0,0.02,0,0.222,0.401,395600,2093,1150
915,2010,4851,0.502,0.498,32.2,0.124,0.425,0,0.067,0,0.362,0.243,373300,2196,989
915,2011,4859,0.469,0.531,30.9,0.11,0.431,0.004,0.053,0,0.375,0.201,361100,1981,1063
915,2012,4992,0.451,0.549,32.2,0.071,0.45,0.005,0.066,0,0.378,0.127,339900,2150,1242
915,2013,4779,0.464,0.536,31.1,0.074,0.413,0.009,0.08,0,0.374,0.144,283500,2364,1238
915,2014,4616,0.479,0.521,32,0.1,0.334,0.005,0.091,0,0.403,0.157,282300,2389,1170
915,2015,4801,0.472,0.528,32.4,0.121,0.399,0.002,0.052,0,0.364,0.186,290300,,1230
915,2016,4873,0.487,0.513,33,0.129,0.394,0,0.071,0,0.311,0.211,286900,2581,1298
915,2017,5206,0.472,0.528,31.6,0.119,0.449,0,0.03,0,0.308,0.24,327100,2535,1296
915,2018,5048,0.467,0.533,32.6,0.145,0.497,0,0.046,0,0.236,0.228,398500,2274,1331
915,2019,5192,0.454,0.546,32.6,0.171,0.538,0,0.038,0,0.177,0.276,554800,2257,1323
915,2020,4752,0.464,0.536,31.7,0.224,0.419,0,0.046,0,0.198,0.322,596500,2227,1340
915,2021,4194,0.484,0.516,33.8,0.236,0.431,0,0.039,0,0.189,0.287,584600,2563,1293
916,2010,3363,0.494,0.506,27.9,0.139,0.401,0,0.3,0,0.127,0.172,368200,2143,1099
916,2011,3589,0.498,0.502,28.1,0.157,0.42,0,0.268,0,0.138,0.139,320700,2153,1117
916,2012,3807,0.496,0.504,28.9,0.167,0.402,0,0.3,0,0.116,0.157,312500,2164,1163
916,2013,3358,0.492,0.508,30.8,0.156,0.489,0,0.205,0,0.13,0.158,346800,1994,1181
916,2014,3353,0.537,0.463,31.2,0.151,0.503,0,0.182,0,0.137,0.175,340200,2159,1219
916,2015,3382,0.512,0.488,31.2,0.158,0.466,0,0.235,0,0.118,0.131,336400,1939,1283
916,2016,3401,0.567,0.433,31.5,0.156,0.442,0,0.276,0,0.096,0.181,385600,1862,1392
916,2017,2958,0.555,0.445,34.5,0.205,0.455,0,0.19,0,0.129,0.222,430300,1511,1381
916,2018,3106,0.544,0.456,35,0.207,0.362,0,0.326,0,0.091,0.165,376800,1504,1390
916,2019,3089,0.516,0.484,32.1,0.199,0.377,0,0.311,0,0.097,0.167,368800,1480,1378
916,2020,2837,0.539,0.461,35.6,0.176,0.33,0,0.221,0,0.079,0.153,389200,1477,1363
916,2021,2630,0.507,0.493,40.9,0.167,0.263,0,0.209,0,0.09,0.13,496900,1950,1428
917,2010,3248,0.41,0.59,26.4,0.096,0.425,0,0.009,0,0.394,0.272,338200,2042,1326
917,2011,3225,0.456,0.544,27.7,0.086,0.442,0,0.009,0,0.438,0.309,317300,2125,1290
917,2012,3330,0.462,0.538,28.8,0.094,0.533,0.001,0.007,0,0.33,0.319,300500,2125,1360
917,2013,3424,0.473,0.527,28.9,0.111,0.539,0.002,0.024,0,0.305,0.338,325300,2117,1321
917,2014,3797,0.445,0.555,30,0.089,0.551,0.001,0.038,0,0.301,0.242,333800,2305,1351
917,2015,3304,0.482,0.518,31.7,0.111,0.592,0.002,0.061,0,0.222,0.242,382700,2461,1337
917,2016,3315,0.45,0.55,31.6,0.129,0.606,0.002,0.071,0,0.165,0.266,410500,2588,1402
917,2017,3245,0.433,0.567,30.9,0.111,0.571,0,0.114,0,0.178,0.229,410300,2563,1410
917,2018,3214,0.43,0.57,31.5,0.105,0.577,0.003,0.099,0,0.175,0.211,444400,2523,1466
917,2019,3267,0.444,0.556,31.4,0.085,0.666,0.003,0.091,0,0.107,0.181,449200,1984,1467
917,2020,3532,0.502,0.498,30.8,0.076,0.597,0.006,0.061,0,0.089,0.275,503000,2343,1661
917,2021,3476,0.504,0.496,29.6,0.084,0.559,0.003,0.043,0,0.086,0.303,538800,2639,1720
918,2010,2929,0.447,0.553,28.7,0.102,0.565,0.029,0.004,0,0.255,0.286,372500,1976,1267
918,2011,3322,0.419,0.581,28.8,0.101,0.586,0.019,0.004,0,0.252,0.211,284200,1968,1215
918,2012,3442,0.432,0.568,28.6,0.116,0.595,0.02,0.006,0,0.217,0.228,240400,2354,1269
918,2013,3537,0.448,0.552,28.9,0.158,0.495,0.02,0.006,0,0.274,0.271,248200,2542,1267
918,2014,3814,0.464,0.536,30.7,0.166,0.535,0,0.001,0,0.251,0.233,304900,1984,1101
918,2015,3811,0.479,0.521,34,0.111,0.582,0,0.001,0,0.263,0.144,333000,2114,1111
918,2016,3825,0.494,0.506,34.5,0.087,0.602,0,0.002,0,0.231,0.149,355000,2128,1087
918,2017,3631,0.464,0.536,33.1,0.043,0.687,0,0.001,0,0.181,0.064,365400,2145,1184
918,2018,3528,0.461,0.539,32.8,0.037,0.734,0,0.02,0,0.156,0.148,373600,2107,1349
918,2019,3579,0.469,0.531,31.3,0.059,0.666,0.008,0.023,0,0.188,0.232,397800,2000,1381
918,2020,3582,0.44,0.56,33.4,0.061,0.653,0.008,0.034,0,0.137,0.138,413000,2032,1450
918,2021,3328,0.446,0.554,35,0.063,0.694,0.005,0.036,0,0.132,0.151,466300,2033,1548
919,2010,3577,0.457,0.543,24.9,0.086,0.743,0,0,0,0.139,0.221,367400,2316,1187
919,2011,3887,0.448,0.552,31.8,0.074,0.719,0.003,0,0,0.162,0.214,359600,2535,1358
919,2012,4102,0.466,0.534,34.1,0.096,0.719,0.004,0,0,0.159,0.223,295200,2314,1326
919,2013,4140,0.493,0.507,31.5,0.097,0.745,0.003,0,0,0.141,0.188,282100,2450,1287
919,2014,3893,0.501,0.499,34.5,0.081,0.779,0.004,0.002,0,0.119,0.158,292000,1986,1233
919,2015,4016,0.479,0.521,36.2,0.088,0.735,0.002,0.011,0,0.153,0.232,312400,1961,1194
919,2016,4018,0.465,0.535,35.8,0.087,0.785,0,0.011,0,0.114,0.204,337200,2138,1225
919,2017,4010,0.438,0.562,35.8,0.07,0.779,0,0.005,0,0.136,0.282,373800,2318,1228
919,2018,4194,0.431,0.569,34.8,0.077,0.762,0,0.009,0,0.118,0.288,389500,2223,1341
919,2019,4528,0.445,0.555,34.1,0.156,0.718,0,0,0,0.068,0.315,382900,2760,1458
919,2020,4549,0.485,0.515,32.6,0.09,0.725,0,0.031,0,0.031,0.26,450000,3107,1489
919,2021,4580,0.509,0.491,32.4,0.083,0.625,0,0,0,0.055,0.374,509100,2125,1468
920,2010,5174,0.454,0.546,31.8,0.063,0.646,0.005,0.124,0.001,0.139,0.188,367900,2712,1157
920,2011,5353,0.457,0.543,28.8,0.092,0.685,0.002,0.062,0.001,0.137,0.237,342100,2809,1233
920,2012,5314,0.459,0.541,30.6,0.106,0.663,0.004,0.086,0,0.106,0.277,326300,2592,1176
920,2013,5226,0.476,0.524,31.1,0.094,0.713,0.002,0.05,0,0.1,0.238,284100,2408,1293
920,2014,5502,0.481,0.519,31,0.116,0.639,0.002,0.08,0,0.132,0.272,315600,2638,1300
920,2015,5567,0.485,0.515,31.7,0.119,0.627,0.003,0.085,0,0.137,0.294,324500,2043,1291
920,2016,5294,0.472,0.528,32.1,0.165,0.578,0.004,0.086,0,0.128,0.278,382000,2094,1319
920,2017,5425,0.478,0.522,32,0.204,0.548,0,0.062,0,0.146,0.304,406400,2047,1350
920,2018,5347,0.457,0.543,36,0.182,0.621,0.007,0.047,0,0.12,0.258,396000,1994,1445
920,2019,5590,0.453,0.547,36.6,0.172,0.632,0.006,0.11,0,0.056,0.211,439400,2160,1438
920,2020,5902,0.454,0.546,34.4,0.151,0.582,0.004,0.157,0,0.053,0.176,444400,2593,1615
920,2021,5599,0.466,0.534,36.2,0.126,0.523,0.004,0.176,0,0.063,0.171,447900,2574,1690
921.01,2010,5884,0.459,0.541,35,0.353,0.193,0,0.342,0,0.097,0.082,357900,2137,1170
921.01,2011,6992,0.477,0.523,34,0.338,0.155,0,0.38,0,0.084,0.047,346200,2142,1211
921.01,2012,6767,0.446,0.554,34.6,0.28,0.135,0,0.461,0,0.059,0.077,298300,1968,1204
921.01,2013,6595,0.459,0.541,34.4,0.319,0.17,0,0.321,0,0.129,0.119,282700,1836,1181
921.01,2014,6734,0.501,0.499,36.2,0.293,0.207,0,0.346,0,0.098,0.101,300000,2005,1203
921.01,2015,7099,0.508,0.492,36.3,0.288,0.242,0,0.366,0,0.061,0.073,304400,1661,1258
921.01,2016,6750,0.524,0.476,36.7,0.369,0.23,0,0.34,0,0.059,0.073,367800,1955,1212
921.01,2017,7141,0.532,0.468,35.1,0.326,0.263,0,0.348,0,0.064,0.065,500900,2188,1365
921.01,2018,7178,0.531,0.469,34.8,0.299,0.255,0.003,0.383,0,0.059,0.086,516400,2306,1360
921.01,2019,7321,0.512,0.488,34.7,0.301,0.213,0.003,0.389,0,0.086,0.104,517600,2358,1460
921.01,2020,7036,0.506,0.494,37.8,0.292,0.24,0.007,0.306,0,0.117,0.146,569000,2390,1411
921.01,2021,6467,0.515,0.485,39.5,0.29,0.227,0.002,0.274,0,0.169,0.172,556700,2365,1631
922,2010,2932,0.613,0.387,38.4,0.349,0.332,0.016,0.055,0,0.226,0.272,466200,2551,1319
922,2011,2870,0.549,0.451,38.9,0.262,0.469,0.016,0.068,0,0.172,0.195,465500,2561,1184
922,2012,2890,0.551,0.449,36.7,0.263,0.491,0.017,0.072,0,0.136,0.161,451200,2717,1194
922,2013,2992,0.541,0.459,36.8,0.27,0.424,0.015,0.096,0,0.177,0.168,425300,2843,1215
922,2014,3153,0.48,0.52,41.4,0.257,0.434,0.001,0.14,0,0.148,0.152,406400,2924,1298
922,2015,3264,0.444,0.556,41,0.272,0.469,0,0.176,0,0.057,0.067,388700,2833,1340
922,2016,3216,0.439,0.561,40.3,0.317,0.426,0,0.173,0,0.063,0.119,377100,2690,1337
922,2017,3265,0.451,0.549,42.8,0.285,0.417,0,0.209,0,0.066,0.141,392300,2472,1346
922,2018,3107,0.442,0.558,40.8,0.276,0.477,0,0.159,0,0.063,0.151,467000,2586,1366
922,2019,3282,0.486,0.514,40.6,0.286,0.406,0,0.199,0,0.073,0.155,582300,2522,1432
922,2020,3482,0.514,0.486,40.8,0.349,0.348,0.001,0.196,0,0.086,0.169,608400,2555,1342
922,2021,3545,0.502,0.498,41.5,0.286,0.318,0.001,0.236,0,0.048,0.21,669100,2446,1473
923,2010,2662,0.535,0.465,34.1,0.005,0.855,0,0.004,0,0.134,0.117,380400,3160,1169
923,2011,2974,0.514,0.486,31.7,0.021,0.819,0.014,0.003,0,0.131,0.145,366400,3009,1123
923,2012,3167,0.529,0.471,32,0.036,0.846,0.015,0.003,0,0.092,0.117,339700,2750,1122
923,2013,3418,0.535,0.465,30.5,0.03,0.831,0.014,0.006,0,0.089,0.112,330600,2686,1197
923,2014,3376,0.523,0.477,31,0.059,0.852,0.018,0.003,0,0.042,0.098,305600,2543,1146
923,2015,3452,0.487,0.513,34.2,0.101,0.835,0.016,0.004,0,0.019,0.112,301500,2413,1157
923,2016,3383,0.489,0.511,34.6,0.097,0.817,0.006,0.005,0,0.037,0.171,303200,2416,1207
923,2017,3519,0.469,0.531,35,0.085,0.849,0.007,0.005,0,0.021,0.184,316200,2365,1317
923,2018,3392,0.462,0.538,34.4,0.123,0.797,0.013,0.01,0,0.044,0.258,342200,2246,1495
923,2019,3443,0.432,0.568,33.4,0.13,0.791,0.006,0.009,0,0.047,0.281,422900,2480,1458
923,2020,3559,0.455,0.545,34.1,0.085,0.816,0.006,0.018,0,0.038,0.182,432400,2488,1702
923,2021,3859,0.416,0.584,33.6,0.074,0.751,0.004,0.035,0,0.036,0.15,460700,2506,1485
924,2010,5995,0.477,0.523,24.5,0.106,0.655,0.013,0.02,0,0.196,0.327,384500,2609,834
924,2011,5653,0.473,0.527,29.1,0.115,0.667,0.013,0.017,0,0.172,0.319,357400,2487,943
924,2012,5905,0.482,0.518,29.6,0.091,0.717,0.005,0.007,0,0.167,0.303,329900,2382,1043
924,2013,5629,0.484,0.516,31.8,0.079,0.763,0.012,0.008,0,0.128,0.258,294900,2320,1010
924,2014,5593,0.48,0.52,32,0.053,0.823,0.022,0.01,0,0.083,0.262,314900,2127,964
924,2015,5732,0.476,0.524,32.1,0.085,0.853,0.027,0,0,0.026,0.276,316500,2097,965
924,2016,5817,0.475,0.525,27.9,0.095,0.838,0.023,0,0,0.036,0.335,372000,2181,696
924,2017,5984,0.453,0.547,31.2,0.081,0.825,0.029,0.003,0,0.057,0.328,393200,2178,741
924,2018,6549,0.434,0.566,30.2,0.079,0.792,0.015,0.005,0,0.101,0.358,415500,2182,737
924,2019,6413,0.423,0.577,30.1,0.117,0.744,0.01,0.007,0,0.112,0.36,479400,2395,911
924,2020,6389,0.442,0.558,28.1,0.087,0.592,0,0.012,0,0.18,0.451,602800,2718,1067
924,2021,5994,0.389,0.611,29.6,0.054,0.498,0,0.009,0,0.237,0.477,390200,2592,1067
1001,2010,5617,0.481,0.519,23.9,0.063,0.638,0.012,0.018,0,0.252,0.301,280400,2680,525
1001,2011,5657,0.48,0.52,24.5,0.109,0.619,0.014,0.003,0,0.245,0.365,276900,2823,474
1001,2012,6189,0.451,0.549,25.2,0.074,0.701,0.004,0.015,0,0.186,0.287,268000,2561,510
1001,2013,6295,0.433,0.567,27.3,0.112,0.727,0.001,0.011,0,0.119,0.266,261700,2155,538
1001,2014,6371,0.455,0.545,31.2,0.131,0.75,0.001,0.018,0,0.076,0.259,279300,1908,538
1001,2015,6146,0.436,0.564,32.9,0.169,0.75,0.001,0.018,0,0.034,0.267,274700,1978,686
1001,2016,6072,0.413,0.587,33.3,0.146,0.772,0,0.007,0,0.033,0.274,290100,1867,666
1001,2017,6742,0.412,0.588,30.7,0.147,0.787,0.002,0.007,0,0.013,0.236,326300,2124,924
1001,2018,7140,0.41,0.59,30.6,0.123,0.779,0.002,0.006,0,0.031,0.266,366700,2216,947
1001,2019,7013,0.415,0.585,29.8,0.102,0.789,0.003,0.013,0,0.04,0.253,319100,1906,1134
1001,2020,7024,0.428,0.572,28.9,0.055,0.811,0.002,0.005,0,0.062,0.209,310300,1661,1320
1001,2021,7328,0.454,0.546,29.6,0.033,0.785,0.002,0,0,0.077,0.2,350800,1952,1558
1002,2010,2997,0.409,0.591,32.7,0.061,0.865,0.003,0,0,0.06,0.185,301400,1869,1157
1002,2011,2616,0.392,0.608,32.3,0.065,0.85,0.003,0,0,0.068,0.197,311600,1818,1226
1002,2012,2680,0.419,0.581,32.4,0.032,0.902,0.004,0.015,0,0.028,0.1,317400,2023,1187
1002,2013,2681,0.462,0.538,32.5,0.052,0.806,0,0.012,0,0.064,0.126,278400,1844,1339
1002,2014,2953,0.462,0.538,31.8,0.051,0.831,0,0.019,0,0.047,0.114,273800,2010,1366
1002,2015,3005,0.462,0.538,30,0.049,0.822,0,0.019,0,0.058,0.125,254800,1746,1292
1002,2016,2919,0.458,0.542,31.1,0.052,0.816,0,0.03,0,0.043,0.134,265600,1733,1365
1002,2017,3173,0.47,0.53,29.3,0.089,0.808,0,0.022,0,0.022,0.137,275300,1940,1467
1002,2018,3440,0.464,0.536,30.9,0.143,0.814,0,0.02,0,0.019,0.197,312300,1957,1528
1002,2019,3328,0.46,0.54,31.6,0.108,0.835,0,0.011,0,0.023,0.163,357300,1998,1728
1002,2020,3783,0.498,0.502,33.9,0.105,0.859,0,0.009,0,0.005,0.124,464700,2326,1740
1002,2021,3799,0.497,0.503,33.1,0.101,0.81,0,0.008,0,0.012,0.142,466400,2462,1745
1003,2010,3555,0.491,0.509,36.7,0.086,0.83,0,0,0,0.051,0.164,281300,1859,1147
1003,2011,3505,0.504,0.496,35.3,0.065,0.86,0,0,0,0.044,0.148,245300,2000,1191
1003,2012,3606,0.514,0.486,34.1,0.102,0.825,0,0.001,0,0.04,0.164,244100,2021,1280
1003,2013,3201,0.496,0.504,35.4,0.114,0.843,0,0.002,0,0.022,0.14,267200,2156,1203
1003,2014,3412,0.484,0.516,35.1,0.149,0.813,0,0.003,0,0.022,0.163,255200,2206,1219
1003,2015,3642,0.445,0.555,34.8,0.091,0.857,0,0.03,0,0.009,0.102,274700,2256,1260
1003,2016,3731,0.429,0.571,32.9,0.061,0.89,0,0.031,0,0.006,0.134,321100,2250,1303
1003,2017,4064,0.428,0.572,34,0.041,0.878,0,0.03,0,0.037,0.146,341300,2224,1434
1003,2018,4106,0.434,0.566,34,0.033,0.845,0,0.03,0,0.033,0.121,348000,2396,1531
1003,2019,4394,0.403,0.597,33.2,0.047,0.833,0,0.027,0,0.027,0.08,421000,2197,1779
1003,2020,4270,0.444,0.556,33.9,0.045,0.872,0,0.002,0,0.024,0.078,426200,2193,1807
1003,2021,4130,0.467,0.533,35,0.05,0.77,0,0.003,0,0.026,0.086,468000,2349,1889
1004,2010,4866,0.424,0.576,35,0.136,0.753,0,0.071,0,0.036,0.102,340900,2423,1347
1004,2011,4617,0.423,0.577,36.3,0.161,0.742,0,0.075,0,0.011,0.091,333100,2377,1311
1004,2012,4617,0.441,0.559,36.5,0.154,0.763,0,0.05,0,0.016,0.096,317400,2401,1295
1004,2013,5048,0.419,0.581,37,0.138,0.7,0.035,0.066,0,0.027,0.098,330000,2370,1301
1004,2014,4803,0.43,0.57,37.6,0.125,0.721,0.04,0.051,0,0.031,0.086,316100,2251,1288
1004,2015,5209,0.448,0.552,37.7,0.103,0.688,0.03,0.072,0,0.067,0.112,325200,2389,1286
1004,2016,5596,0.44,0.56,35.6,0.108,0.687,0.039,0.043,0,0.073,0.131,347900,2471,1323
1004,2017,5667,0.445,0.555,33.6,0.129,0.652,0.031,0.072,0,0.063,0.151,362300,2426,1469
1004,2018,5703,0.441,0.559,34.5,0.157,0.645,0.001,0.1,0,0.045,0.115,370000,2204,1513
1004,2019,6040,0.43,0.57,33.9,0.229,0.562,0.001,0.082,0,0.071,0.243,397100,2614,1545
1004,2020,5807,0.421,0.579,35.4,0.244,0.554,0.001,0.07,0,0.041,0.251,453100,2290,1600
1004,2021,5906,0.413,0.587,37.1,0.189,0.513,0,0.096,0,0.113,0.27,465800,2515,1691
1005,2010,4803,0.468,0.532,34.2,0.136,0.67,0.007,0.066,0,0.088,0.153,436500,2276,1097
1005,2011,5229,0.454,0.546,34.3,0.131,0.67,0.007,0.087,0,0.061,0.168,425700,2301,1144
1005,2012,5672,0.457,0.543,35,0.131,0.674,0.009,0.074,0,0.059,0.209,409800,2281,1150
1005,2013,6838,0.457,0.543,37,0.156,0.667,0.006,0.12,0,0.011,0.128,374600,2299,1188
1005,2014,6585,0.475,0.525,33.4,0.181,0.66,0.004,0.102,0,0.01,0.138,343100,2412,1214
1005,2015,7227,0.498,0.502,33.6,0.191,0.639,0.002,0.108,0,0.012,0.163,299800,2429,1329
1005,2016,7350,0.496,0.504,33,0.196,0.664,0.004,0.101,0,0.012,0.126,314900,2424,1421
1005,2017,7337,0.5,0.5,31.9,0.217,0.642,0.004,0.085,0,0.023,0.135,333600,2451,1525
1005,2018,6909,0.46,0.54,31.7,0.213,0.635,0.005,0.103,0,0.017,0.143,315800,2562,1574
1005,2019,6623,0.449,0.551,32.5,0.261,0.577,0,0.089,0,0.04,0.177,388300,2574,1524
1005,2020,6934,0.449,0.551,35.5,0.277,0.543,0,0.093,0,0.05,0.131,430200,2494,1480
1005,2021,7072,0.486,0.514,36.2,0.244,0.539,0,0.099,0,0.043,0.131,574700,3008,1607
1006.01,2010,4653,0.501,0.499,35.4,0.468,0.276,0.008,0.183,0,0.023,0.033,326500,2209,1186
1006.01,2011,5004,0.513,0.487,35.2,0.374,0.336,0.002,0.196,0,0.023,0.055,321800,2181,1275
1006.01,2012,4954,0.507,0.493,34.1,0.416,0.268,0.002,0.208,0,0.023,0.079,287500,2158,1300
1006.01,2013,5183,0.513,0.487,36.9,0.445,0.259,0.002,0.202,0,0.015,0.06,249400,2046,1261
1006.01,2014,5406,0.478,0.522,36.9,0.377,0.293,0.004,0.276,0,0,0.083,249600,2120,1211
1006.01,2015,5185,0.459,0.541,37.4,0.369,0.333,0.004,0.192,0,0.053,0.101,266400,2073,1188
1006.01,2016,5626,0.445,0.555,34.1,0.334,0.438,0,0.116,0,0.05,0.084,275500,2039,1336
1006.01,2017,5903,0.449,0.551,33.6,0.308,0.441,0,0.161,0,0.038,0.067,339700,2124,1346
1006.01,2018,5978,0.448,0.552,33.4,0.317,0.391,0,0.178,0,0.045,0.077,363900,2273,1567
1006.01,2019,6321,0.499,0.501,33.5,0.403,0.33,0,0.126,0,0.058,0.099,425000,2268,1631
1006.01,2020,6131,0.482,0.518,32.6,0.377,0.298,0,0.176,0,0.018,0.085,416200,2208,1711
1006.01,2021,5686,0.494,0.506,35,0.452,0.231,0,0.177,0,0.007,0.078,431500,2264,2001
1006.03,2010,1971,0.411,0.589,45.4,0.698,0.129,0,0.093,0,0.016,0.024,297200,1910,957
1006.03,2011,1852,0.458,0.542,41.8,0.757,0.139,0.003,0.056,0,0.017,0.029,286200,2088,1020
1006.03,2012,2023,0.505,0.495,41.8,0.655,0.174,0.003,0.115,0,0.017,0.02,300500,1973,1070
1006.03,2013,1910,0.509,0.491,41.4,0.682,0.127,0.005,0.176,0,0.01,0.021,288500,1785,995
1006.03,2014,2043,0.493,0.507,37.7,0.734,0.172,0.003,0.079,0,0.01,0.034,314900,1840,1155
1006.03,2015,2038,0.462,0.538,37.4,0.736,0.159,0.002,0.088,0,0,0.03,345500,1929,1186
1006.03,2016,2070,0.45,0.55,35.1,0.795,0.143,0,0.05,0,0,0.038,374900,1977,1210
1006.03,2017,2092,0.453,0.547,34.3,0.748,0.183,0,0.058,0,0,0.018,421800,2100,1426
1006.03,2018,1973,0.443,0.557,33.7,0.802,0.127,0,0.058,0,0.001,0.024,500700,2148,1438
1006.03,2019,1912,0.417,0.583,34.5,0.808,0.078,0,0.087,0,0.006,0.019,548600,2247,1540
1006.03,2020,2051,0.518,0.482,37.3,0.82,0.074,0,0.074,0,0.02,0.035,584000,2509,1702
1006.03,2021,2067,0.502,0.498,37,0.824,0.075,0,0.066,0,0.02,0.037,601400,2773,1947
1007,2010,4212,0.466,0.534,35.5,0.952,0.025,0,0,0,0.017,0.021,392300,2308,1115
1007,2011,4359,0.468,0.532,34.6,0.955,0.025,0,0,0,0.013,0.019,365800,2335,986
1007,2012,4358,0.478,0.522,34.6,0.923,0.037,0,0.02,0,0.009,0.017,366800,2323,1251
1007,2013,4398,0.468,0.532,34.7,0.921,0.048,0,0.019,0,0.002,0.033,363700,2242,1175
1007,2014,4469,0.487,0.513,34.1,0.93,0.042,0,0.015,0,0.002,0.023,369000,2244,1253
1007,2015,4370,0.495,0.505,34.5,0.927,0.041,0,0.019,0,0.002,0.024,352600,2249,1194
1007,2016,4473,0.479,0.521,37.5,0.906,0.048,0,0.029,0,0.002,0.024,371500,2199,1176
1007,2017,4417,0.494,0.506,39.1,0.898,0.055,0,0.035,0,0.002,0.03,384300,2302,1173
1007,2018,4389,0.539,0.461,42.6,0.939,0.019,0,0.033,0,0,0.001,438700,2474,1178
1007,2019,4410,0.528,0.472,42.9,0.904,0.025,0,0.052,0.003,0.002,0.007,484200,2664,1169
1007,2020,4743,0.508,0.492,40,0.872,0.026,0,0.066,0.003,0.006,0.011,577700,2717,1214
1007,2021,4243,0.499,0.501,38.7,0.874,0.027,0,0.077,0.001,0.002,0.012,616800,2670,1504
1008,2010,5602,0.46,0.54,38.7,0.571,0.295,0,0.075,0,0.041,0.094,347600,2209,1205
1008,2011,6254,0.459,0.541,37.8,0.553,0.335,0,0.076,0,0.017,0.08,343100,2390,1159
1008,2012,6601,0.44,0.56,37.2,0.451,0.397,0,0.117,0,0.009,0.064,302800,2188,1206
1008,2013,6379,0.465,0.535,38.2,0.484,0.383,0,0.102,0,0.003,0.011,305500,2166,1243
1008,2014,6380,0.483,0.517,38.4,0.525,0.296,0,0.131,0,0,0.002,300000,1947,1294
1008,2015,6716,0.488,0.512,35.1,0.47,0.337,0,0.148,0,0,0.002,353600,2109,1479
1008,2016,6409,0.529,0.471,37.1,0.508,0.316,0,0.142,0,0,0.049,364300,2057,1556
1008,2017,6583,0.539,0.461,36.5,0.546,0.292,0,0.094,0,0.01,0.062,409300,2124,1564
1008,2018,6572,0.502,0.498,36.4,0.57,0.271,0,0.098,0,0.01,0.073,438800,2204,1535
1008,2019,6230,0.478,0.522,36.7,0.623,0.244,0,0.088,0,0.013,0.08,484100,2506,1687
1008,2020,6269,0.465,0.535,39.7,0.674,0.202,0,0.029,0,0.015,0.114,505900,2569,1483
1008,2021,6001,0.464,0.536,38.3,0.591,0.236,0,0.048,0,0.016,0.085,554700,2562,1538
1101.03,2010,5742,0.44,0.56,30.7,0.454,0.159,0.08,0.083,0,0.183,0.324,294100,2102,1066
1101.03,2011,5867,0.479,0.521,30.6,0.419,0.195,0.04,0.092,0,0.219,0.344,311500,2150,1019
1101.03,2012,5896,0.457,0.543,30.7,0.507,0.23,0.048,0.068,0,0.116,0.281,337300,2093,1179
1101.03,2013,5857,0.453,0.547,32,0.498,0.191,0.044,0.111,0,0.1,0.239,343900,2061,1252
1101.03,2014,6227,0.429,0.571,32,0.519,0.225,0.026,0.103,0,0.092,0.279,336700,2107,1190
1101.03,2015,6557,0.463,0.537,32.3,0.517,0.252,0,0.081,0,0.111,0.289,335200,1997,1262
1101.03,2016,6547,0.451,0.549,33.2,0.56,0.23,0,0.069,0,0.098,0.256,382000,2179,1385
1101.03,2017,6303,0.41,0.59,34,0.566,0.242,0,0.067,0,0.078,0.214,443500,2345,1368
1101.03,2018,6667,0.431,0.569,35.1,0.589,0.273,0,0.037,0,0.071,0.224,486000,2593,1461
1101.03,2019,6812,0.46,0.54,35.4,0.554,0.32,0,0.035,0,0.063,0.192,574100,2806,1665
1101.03,2020,2934,0.428,0.572,32.4,0.706,0.214,0,0.04,0,0,0.049,550600,2540,2304
1101.03,2021,2539,0.423,0.577,32.3,0.709,0.193,0,0.038,0,0.023,0.074,556000,2260,2181
1201.04,2010,1945,0.409,0.591,32.6,0.641,0.119,0,0.129,0,0.07,0.128,318700,1718,1346
1201.04,2011,1845,0.393,0.607,31.7,0.679,0.077,0,0.098,0,0.102,0.188,338400,2015,1355
1201.04,2012,1973,0.358,0.642,31.7,0.721,0.077,0,0.044,0,0.084,0.211,350400,2066,1370
1201.04,2013,2150,0.352,0.648,31.5,0.716,0.119,0,0.045,0,0.066,0.244,365600,2134,1366
1201.04,2014,2171,0.372,0.628,31.9,0.741,0.084,0,0.049,0,0.053,0.235,392100,1827,1459
1201.04,2015,2273,0.387,0.613,31.8,0.768,0.072,0,0.048,0,0.053,0.226,379800,2056,1523
1201.04,2016,2295,0.402,0.598,32.8,0.775,0.077,0,0.044,0,0.036,0.195,390300,2211,1683
1201.04,2017,2303,0.417,0.583,33.4,0.776,0.107,0,0.023,0,0.041,0.155,408700,2607,1780
1201.04,2018,2210,0.417,0.583,36.3,0.79,0.082,0,0.025,0,0.047,0.103,456300,2429,1783
1201.04,2019,2335,0.43,0.57,35.6,0.766,0.107,0,0.04,0,0.057,0.099,503300,2783,1850
1201.04,2020,2429,0.457,0.543,37.8,0.757,0.089,0,0.023,0,0.103,0.157,583900,2505,1832
1201.04,2021,2443,0.472,0.528,34.7,0.708,0.071,0,0.027,0,0.115,0.201,587900,2345,2114
1202.01,2010,3920,0.524,0.476,30.9,0.671,0.162,0.005,0.035,0,0.114,0.223,342000,2189,1363
1202.01,2011,3640,0.526,0.474,33.5,0.666,0.179,0.005,0.033,0,0.101,0.226,349500,2317,1403
1202.01,2012,3837,0.455,0.545,32.6,0.636,0.167,0.003,0.03,0,0.145,0.3,353700,2340,1366
1202.01,2013,3807,0.481,0.519,33.3,0.657,0.154,0,0.024,0,0.135,0.296,333200,2269,1305
1202.01,2014,4072,0.49,0.51,33.3,0.65,0.114,0.01,0.027,0,0.158,0.333,342000,2237,1235
1202.01,2015,3679,0.463,0.537,33,0.71,0.095,0.01,0.009,0,0.125,0.348,347100,2147,896
1202.01,2016,3638,0.477,0.523,33.2,0.707,0.083,0.011,0.009,0,0.142,0.363,363400,1984,1046
1202.01,2017,3777,0.533,0.467,34,0.698,0.099,0.014,0.017,0,0.126,0.331,383600,1958,1044
1202.01,2018,3919,0.519,0.481,33.9,0.685,0.116,0.014,0.038,0,0.104,0.317,440400,2097,1347
1202.01,2019,3991,0.532,0.468,33,0.621,0.178,0.003,0.05,0,0.102,0.258,473500,2151,1666
1202.01,2020,4205,0.546,0.454,34.1,0.561,0.172,0.003,0.105,0,0.096,0.211,504300,2201,1813
1202.01,2021,4256,0.561,0.439,33.5,0.554,0.182,0.003,0.114,0,0.073,0.182,580700,2340,1934
804.01,2010,2415,0.381,0.619,29.7,0.12,0.598,0.014,0.054,0,0.164,0.31,241900,1760,688
804.01,2011,2384,0.354,0.646,31.1,0.133,0.534,0.015,0.056,0,0.19,0.379,288200,1885,473
804.01,2012,2514,0.365,0.635,32.3,0.152,0.578,0.012,0.054,0,0.157,0.338,296300,1861,444
804.01,2013,2543,0.409,0.591,32,0.194,0.542,0.009,0.024,0,0.175,0.425,275000,2301,603
804.01,2014,2839,0.431,0.569,32.2,0.193,0.579,0,0.024,0,0.159,0.381,250000,1496,671
804.01,2015,2995,0.433,0.567,32.4,0.15,0.583,0,0.012,0,0.203,0.37,322200,1802,658
804.01,2016,3129,0.472,0.528,32.9,0.159,0.549,0,0.016,0,0.219,0.404,368300,2081,673
804.01,2017,3091,0.483,0.517,32.7,0.207,0.498,0,0.027,0,0.205,0.445,468800,2454,655
804.01,2018,3265,0.478,0.522,32.5,0.171,0.483,0,0.032,0,0.254,0.458,422200,2457,703
804.01,2019,3040,0.534,0.466,32.4,0.196,0.482,0.003,0.024,0,0.231,0.454,523000,2643,714
804.01,2020,2914,0.497,0.503,33.9,0.226,0.439,0.005,0.025,0,0.241,0.535,536000,2591,760
804.01,2021,2773,0.452,0.548,33.7,0.179,0.404,0.005,0.053,0,0.305,0.533,383300,1942,850
