year,Median income (dollars),Mean income (dollars),median_income_difference,mean_income_difference,census_tract,Total population in occupied housing units:,Owner_occupied,Owner_occupied_Moved in 1999 or earlier,Renter_occupied,Renter_occupied_Moved in 1999 or earlier,percent_owners,percent_renters,percent_old_owners,percent_old_renters,renters_owners_ratio,old_renters_owners_ratio
2021,33652,55348,0.017629804,0.106738652,901,5185,771,491,4414,250,0.148698168,0.851301832,0.636835279,0.111236973,0.1746715,1.964
2020,33069,50010,-0.032928791,-0.105286698,901,5258,742,391,4516,368,0.141118296,0.858881704,0.526954178,0.086581045,0.164304694,1.0625
2019,34195,55895,0.0456547,0.185597624,901,4994,992,560,4002,470,0.198638366,0.801361634,0.564516129,0.139930035,0.247876062,1.191489362
2018,32702,47145,0.079879801,0.076541913,901,,,,,,,,,,,
2017,30283,43793,0.067731472,0.064383628,901,4918,671,460,4247,445,0.136437576,0.863562424,0.685543964,0.108311749,0.157993878,1.033707865
2016,28362,41144,-0.083411434,-0.057260042,901,4842,743,491,4099,483,0.153448988,0.846551012,0.660834455,0.119785313,0.181263723,1.016563147
2015,30943,43643,-0.02627604,0.013751132,901,4783,889,575,3894,311,0.185866611,0.814133389,0.646794151,0.147663071,0.228299949,1.848874598
2014,31778,43051,0.009755013,-0.019250046,901,5108,913,677,4195,250,0.178739233,0.821260767,0.741511501,0.161382598,0.217640048,2.708
2013,31471,43896,-0.055860559,-0.02144545,901,4986,926,689,4060,400,0.185720016,0.814279984,0.744060475,0.169704433,0.228078818,1.7225
2012,33333,44858,-0.024009604,-0.017758217,901,4941,1317,712,3624,482,0.266545234,0.733454766,0.540622627,0.196467991,0.363410596,1.477178423
2011,34153,45669,0.123860607,0.106295875,901,4941,1580,804,3361,647,0.319773325,0.680226675,0.508860759,0.239214519,0.470098185,1.242658423
2010,30389,41281,,,901,4658,1351,699,3307,916,0.290038643,0.709961357,0.517394523,0.211369822,0.408527366,0.763100437
2021,39773,62675,0.397407069,0.677641264,902,3084,516,356,2568,178,0.167315175,0.832684825,0.689922481,0.138629283,0.200934579,2
2020,28462,37359,0.063801159,-0.033627357,902,2395,339,140,2056,164,0.141544885,0.858455115,0.412979351,0.068093385,0.164883268,0.853658537
2019,26755,38659,-0.122786885,-0.076844091,902,2337,376,184,1961,236,0.16089003,0.83910997,0.489361702,0.093829679,0.191738909,0.779661017
2018,30500,41877,0.112448481,0.119227069,902,,,,,,,,,,,
2017,27417,37416,0.013754853,-0.062020557,902,2455,260,82,2195,431,0.105906314,0.894093686,0.315384615,0.037357631,0.118451025,0.19025522
2016,27045,39890,0.106949902,0.117241766,902,2481,288,47,2193,365,0.116082225,0.883917775,0.163194444,0.021431829,0.131326949,0.128767123
2015,24432,35704,0.059175445,-0.097152683,902,2383,250,89,2133,325,0.104909778,0.895090222,0.356,0.04172527,0.117205813,0.273846154
2014,23067,39546,0.03910086,-0.043696951,902,2526,176,22,2350,264,0.069675376,0.930324624,0.125,0.009361702,0.074893617,0.083333333
2013,22199,41353,0.06002292,0.01412561,902,2235,337,156,1898,275,0.150782998,0.849217002,0.462908012,0.082191781,0.177555321,0.567272727
2012,20942,40777,0.109039877,0.330842037,902,2453,335,158,2118,416,0.136567468,0.863432532,0.471641791,0.074598678,0.158168083,0.379807692
2011,18883,30640,0.176144503,-0.021805063,902,2422,212,144,2210,379,0.087530966,0.912469034,0.679245283,0.065158371,0.095927602,0.37994723
2010,16055,31323,,,902,2075,214,114,1861,410,0.10313253,0.89686747,0.53271028,0.061257389,0.11499194,0.27804878
2021,33824,58420,0.048903774,0.130089951,903,3206,404,236,2802,64,0.126013724,0.873986276,0.584158416,0.084225553,0.144182727,3.6875
2020,32247,51695,0.041065375,0.260484736,903,3066,596,381,2470,97,0.194390085,0.805609915,0.639261745,0.154251012,0.241295547,3.927835052
2019,30975,41012,0.021400778,-0.069284012,903,3090,551,333,2539,140,0.178317152,0.821682848,0.604355717,0.131153998,0.217014573,2.378571429
2018,30326,44065,-0.017876805,0.094864213,903,3465,718,258,2747,152,0.207215007,0.792784993,0.359331476,0.093920641,0.261376047,1.697368421
2017,30878,40247,0.002727804,-0.010133058,903,3386,559,306,2827,162,0.165091553,0.834908447,0.547406082,0.108241953,0.197736116,1.888888889
2016,30794,40659,0.200452206,0.060319199,903,3557,641,231,2916,150,0.18020804,0.81979196,0.360374415,0.079218107,0.219821674,1.54
2015,25652,38346,0.05689918,-0.007505953,903,3630,644,152,2986,189,0.177410468,0.822589532,0.236024845,0.05090422,0.215673141,0.804232804
2014,24271,38636,-0.109321101,-0.016445191,903,3641,759,254,2882,206,0.208459215,0.791540785,0.334650856,0.088133241,0.263358779,1.233009709
2013,27250,39282,0.021211213,-0.019469822,903,3354,644,321,2710,198,0.192009541,0.807990459,0.498447205,0.118450185,0.237638376,1.621212121
2012,26684,40062,0.563393485,0.221216278,903,3155,680,313,2475,162,0.215530903,0.784469097,0.460294118,0.126464646,0.274747475,1.932098765
2011,17068,32805,0.034737799,0.035151936,903,2551,588,390,1963,181,0.230497844,0.769502156,0.663265306,0.198675497,0.299541518,2.154696133
2010,16495,31691,,,903,2525,591,406,1934,235,0.234059406,0.765940594,0.686971235,0.209927611,0.305584281,1.727659574
2021,75972,111461,-0.130436773,-0.006781202,907,4059,1648,377,2411,199,0.406011333,0.593988667,0.228762136,0.156366653,0.683533803,1.894472362
2020,87368,112222,0.241975379,0.295836124,907,4025,1509,303,2516,219,0.374906832,0.625093168,0.200795229,0.120429253,0.599761526,1.383561644
2019,70346,86602,-0.003244775,0.003522677,907,3845,1223,511,2622,154,0.318075423,0.681924577,0.41782502,0.194889397,0.466437834,3.318181818
2018,70575,86298,0.131771385,0.113896275,907,3849,1459,561,2390,106,0.379059496,0.620940504,0.384509938,0.234728033,0.610460251,5.29245283
2017,62358,77474,-0.044658588,0.063969457,907,4146,1254,550,2892,52,0.302460203,0.697539797,0.438596491,0.190179806,0.433609959,10.57692308
2016,65273,72816,0.258032187,0.082492158,907,4517,1543,591,2974,143,0.341598406,0.658401594,0.383020091,0.19872226,0.518829859,4.132867133
2015,51885,67267,0.004219328,-0.010240866,907,4582,1378,529,3204,253,0.300742034,0.699257966,0.383889695,0.165106117,0.430087391,2.090909091
2014,51667,67963,-0.048367193,-0.027585812,907,4515,1375,493,3140,247,0.304540421,0.695459579,0.358545455,0.157006369,0.437898089,1.995951417
2013,54293,69891,0.020660225,0.0396424,907,4675,1276,544,3399,261,0.272941176,0.727058824,0.426332288,0.160047073,0.375404531,2.084291188
2012,53194,67226,0.371368171,0.126686443,907,4136,1413,608,2723,355,0.341634429,0.658365571,0.430290163,0.223283144,0.518912964,1.712676056
2011,38789,59667,-0.070922156,-0.056737701,907,3972,1058,578,2914,393,0.266364552,0.733635448,0.5463138,0.19835278,0.363074811,1.470737913
2010,41750,63256,,,907,4157,1279,586,2878,434,0.307673803,0.692326197,0.458170446,0.203613621,0.444405837,1.350230415
2021,30373,52529,0.18251898,0.151522459,909.01,3042,0,0,3042,60,0,1,,0,0,0
2020,25685,45617,0.000896267,-0.058880568,909.01,3204,15,0,3189,84,0.004681648,0.995318352,0,0,0.004703669,0
2019,25662,48471,0.047984645,0.083320296,909.01,3640,15,0,3625,106,0.004120879,0.995879121,0,0,0.004137931,0
2018,24487,44743,-0.126587245,-0.016183293,909.01,3776,23,0,3753,186,0.006091102,0.993908898,0,0,0.006128431,0
2017,28036,45479,0.016607441,0.01170111,909.01,3839,24,0,3815,256,0.006251628,0.993748372,0,0,0.006290957,0
2016,27578,44953,0.034433608,-0.047605932,909.01,3903,24,0,3879,250,0.006149116,0.993850884,0,0,0.006187162,0
2015,26660,47200,0.078217261,0.134097407,909.01,3816,8,0,3808,273,0.002096436,0.997903564,0,0,0.00210084,0
2014,24726,41619,-0.076802449,0.040318952,909.01,3688,9,0,3679,440,0.002440347,0.997559653,0,0,0.002446317,0
2013,26783,40006,0.153246641,0.078474188,909.01,3896,0,0,3896,470,0,1,,0,0,0
2012,23224,37095,-0.090075618,-0.03986023,909.01,3819,0,0,3819,543,0,1,,0,0,0
2011,25523,38635,-0.166269232,0.001166105,909.01,3940,0,0,3940,730,0,1,,0,0,0
2010,30613,38590,,,909.01,4026,0,0,4026,683,0,1,,0,0,0
2021,90893,114861,-0.132874138,0.021059275,910.01,3105,1277,474,1828,40,0.411272142,0.588727858,0.371182459,0.259299781,0.698577681,11.85
2020,104821,112492,0.104588181,-0.013738504,910.01,2744,1196,375,1548,98,0.435860058,0.564139942,0.313545151,0.242248062,0.772609819,3.826530612
2019,94896,114059,-0.023462583,-0.047269416,910.01,2793,1110,351,1683,206,0.397422127,0.602577873,0.316216216,0.20855615,0.659536542,1.703883495
2018,97176,119718,0.163087971,0.204370089,910.01,2939,1322,333,1617,184,0.449812862,0.550187138,0.251891074,0.20593692,0.817563389,1.809782609
2017,83550,99403,0.125783197,0.088274578,910.01,3017,1337,348,1680,162,0.443155452,0.556844548,0.260284218,0.207142857,0.795833333,2.148148148
2016,74215,91340,0.159609375,0.093159079,910.01,3204,1545,389,1659,217,0.482209738,0.517790262,0.251779935,0.234478602,0.931283906,1.792626728
2015,64000,83556,-0.033962264,0.042547351,910.01,3189,1393,545,1796,211,0.436814048,0.563185952,0.391241924,0.303452116,0.775612472,2.582938389
2014,66250,80146,0.063693143,0.054871869,910.01,3113,1452,577,1661,104,0.466431095,0.533568905,0.39738292,0.347381096,0.874172185,5.548076923
2013,62283,75977,0.053804375,0.051235576,910.01,2953,1389,471,1564,132,0.470369116,0.529630884,0.339092873,0.301150895,0.888107417,3.568181818
2012,59103,72274,-0.075620132,-0.115449105,910.01,2799,1293,370,1506,278,0.461950697,0.538049303,0.286156226,0.245683931,0.858565737,1.330935252
2011,63938,81707,0.077394894,0.027657594,910.01,2668,1338,664,1330,206,0.50149925,0.49850075,0.496263079,0.49924812,1.006015038,3.223300971
2010,59345,79508,,,910.01,2479,1217,649,1262,241,0.49092376,0.50907624,0.533278554,0.514263074,0.964342314,2.692946058
2021,108079,114038,0.210738571,0.090291986,911,4599,2087,685,2512,248,0.453794303,0.546205697,0.328222329,0.272691083,0.830812102,2.762096774
2020,89267,104594,0.050546062,-0.003847692,911,4916,2504,683,2412,258,0.509357201,0.490642799,0.272763578,0.283167496,1.03814262,2.647286822
2019,84972,104998,0.074411724,0.097869048,911,4802,2023,639,2779,332,0.421282799,0.578717201,0.315867523,0.229938827,0.727959698,1.924698795
2018,79087,95638,0.020477419,0.011079395,911,4742,2189,667,2553,128,0.46161957,0.53838043,0.304705345,0.261261261,0.85742264,5.2109375
2017,77500,94590,0.154132539,0.080398853,911,5029,2239,650,2790,119,0.445217737,0.554782263,0.290308173,0.23297491,0.802508961,5.462184874
2016,67150,87551,0.076915675,0.023784745,911,5302,2467,697,2835,354,0.465296115,0.534703885,0.282529388,0.245855379,0.870194004,1.968926554
2015,62354,85517,0.013787273,0.006769325,911,5462,2231,632,3231,546,0.40845844,0.59154156,0.28328104,0.195605076,0.690498298,1.157509158
2014,61506,84942,-0.18188348,-0.045048286,911,5286,2041,707,3245,581,0.386114264,0.613885736,0.346398824,0.217873652,0.628967643,1.21686747
2013,75180,88949,0.381655119,0.142143582,911,5534,2163,746,3371,589,0.390856523,0.609143477,0.344891355,0.221299318,0.641649362,1.26655348
2012,54413,77879,-0.149052296,-0.043737184,911,4826,1838,811,2988,709,0.380853709,0.619146291,0.441240479,0.271419009,0.615127175,1.143864598
2011,63944,81441,0.036268758,0.061715358,911,4628,2112,948,2516,457,0.456352636,0.543647364,0.448863636,0.376788553,0.839427663,2.074398249
2010,61706,76707,,,911,4344,2097,1276,2247,442,0.482734807,0.517265193,0.608488317,0.567868269,0.933244326,2.886877828
2021,71125,103719,-0.301140774,-0.031252043,912,2942,1075,673,1867,33,0.365397689,0.634602311,0.626046512,0.360471344,0.575790037,20.39393939
2020,101773,107065,0.165891491,0.010790959,912,3050,1309,737,1741,113,0.429180328,0.570819672,0.56302521,0.423319931,0.751866743,6.522123894
2019,87292,105922,-0.032968494,0.048327873,912,3226,1472,901,1754,91,0.456292622,0.543707378,0.612092391,0.51368301,0.839224629,9.901098901
2018,90268,101039,0.077826866,0.048524849,912,3117,1323,775,1794,238,0.424446583,0.575553417,0.585789872,0.431995541,0.737458194,3.256302521
2017,83750,96363,0.302893591,0.242079348,912,2878,1144,501,1734,232,0.397498263,0.602501737,0.437937063,0.288927336,0.659746251,2.159482759
2016,64280,77582,-0.038242863,-0.022391915,912,2989,1052,496,1937,267,0.351957176,0.648042824,0.47148289,0.256066082,0.543107899,1.857677903
2015,66836,79359,-0.055962033,0.073260123,912,3074,1074,574,2000,233,0.349381913,0.650618087,0.534450652,0.287,0.537,2.463519313
2014,70798,73942,0.042051191,0.030292052,912,3001,1038,641,1963,337,0.345884705,0.654115295,0.617533719,0.326541009,0.528782476,1.902077151
2013,67941,71768,0.046018598,0.014718566,912,2913,1127,702,1786,130,0.386886371,0.613113629,0.622892635,0.393057111,0.631019037,5.4
2012,64952,70727,-0.022734454,-0.076972268,912,2756,1037,724,1719,203,0.376269956,0.623730044,0.698167792,0.421175102,0.603257708,3.566502463
2011,66463,76625,0.238664107,0.246969031,912,2781,1258,948,1523,188,0.452355268,0.547644732,0.753577107,0.62245568,0.826001313,5.042553191
2010,53657,61449,,,912,2714,1189,1042,1525,300,0.438098747,0.561901253,0.876366695,0.683278689,0.779672131,3.473333333
2021,35078,62183,-0.187087205,-0.02709849,913,2397,852,300,1545,11,0.355444305,0.644555695,0.352112676,0.194174757,0.551456311,27.27272727
2020,43151,63915,0.051950268,0.116906946,913,2754,828,364,1926,74,0.300653595,0.699346405,0.439613527,0.188992731,0.429906542,4.918918919
2019,41020,57225,0.058580645,0.028579132,913,2671,634,226,2037,99,0.237364283,0.762635717,0.356466877,0.110947472,0.311242023,2.282828283
2018,38750,55635,0.243541606,0.120024963,913,2556,652,295,1904,97,0.255086072,0.744913928,0.452453988,0.154936975,0.342436975,3.041237113
2017,31161,49673,-0.132923368,-0.010478296,913,2554,717,335,1837,177,0.2807361,0.7192639,0.467224547,0.182362548,0.390310289,1.892655367
2016,35938,50199,0.00816338,-0.000955281,913,2691,635,307,2056,290,0.235971758,0.764028242,0.483464567,0.149319066,0.30885214,1.05862069
2015,35647,50247,0.020760552,-0.044025038,913,2591,576,256,2015,278,0.222307989,0.777692011,0.444444444,0.127047146,0.285856079,0.920863309
2014,34922,52561,-0.012023651,-0.00424363,913,2579,494,243,2085,369,0.191547111,0.808452889,0.491902834,0.116546763,0.236930456,0.658536585
2013,35347,52785,0.112940806,0.135478736,913,2522,442,186,2080,315,0.175257732,0.824742268,0.42081448,0.089423077,0.2125,0.59047619
2012,31760,46487,0.034831058,0.103863415,913,2239,374,217,1865,243,0.167038857,0.832961143,0.580213904,0.116353887,0.200536193,0.893004115
2011,30691,42113,0.007352217,0.153907278,913,1886,381,278,1505,137,0.202014846,0.797985154,0.729658793,0.184717608,0.253156146,2.02919708
2010,30467,36496,,,913,1741,271,208,1470,278,0.155657668,0.844342332,0.767527675,0.141496599,0.184353741,0.748201439
2021,45990,74737,0.011080332,-0.099955442,914,2764,1302,491,1462,120,0.47105644,0.52894356,0.377112135,0.335841313,0.890560876,4.091666667
2020,45486,83037,0.002159161,-0.043087951,914,3056,1433,664,1623,174,0.468913613,0.531086387,0.463363573,0.409118916,0.88293284,3.816091954
2019,45388,86776,-0.002987435,0.061817826,914,2983,1323,684,1660,263,0.443513242,0.556486758,0.517006803,0.412048193,0.796987952,2.600760456
2018,45524,81724,-0.001622878,0.248857715,914,2900,1242,584,1658,247,0.428275862,0.571724138,0.47020934,0.352231604,0.749095296,2.36437247
2017,45598,65439,0.069195958,0.131203651,914,2826,1110,535,1716,329,0.392781316,0.607218684,0.481981982,0.311771562,0.646853147,1.626139818
2016,42647,57849,0.164423208,0.240250413,914,2692,951,455,1741,295,0.353268945,0.646731055,0.478443743,0.261344055,0.546237794,1.542372881
2015,36625,46643,0.101768847,0.070481043,914,2479,858,383,1621,271,0.346107301,0.653892699,0.446386946,0.236273905,0.529302899,1.413284133
2014,33242,43572,0.090831529,0.052794356,914,2386,796,343,1590,228,0.333612741,0.666387259,0.430904523,0.21572327,0.500628931,1.504385965
2013,30474,41387,0.156991533,0.011066595,914,2135,682,335,1453,223,0.319437939,0.680562061,0.491202346,0.230557467,0.46937371,1.502242152
2012,26339,40934,-0.049408113,0.034444416,914,1981,738,457,1243,204,0.372539122,0.627460878,0.619241192,0.36765889,0.593724859,2.240196078
2011,27708,39571,-0.104402353,-0.123022029,914,1884,718,421,1166,284,0.381104034,0.618895966,0.586350975,0.361063465,0.615780446,1.482394366
2010,30938,45122,,,914,2008,716,465,1292,430,0.356573705,0.643426295,0.649441341,0.359907121,0.554179567,1.081395349
2021,56203,88150,0.052884976,0.016935465,915,4194,1965,703,2229,103,0.468526466,0.531473534,0.357760814,0.315388066,0.881561238,6.825242718
2020,53380,86682,-0.005051164,-0.045541633,915,4752,2176,950,2576,170,0.457912458,0.542087542,0.436580882,0.36878882,0.844720497,5.588235294
2019,53651,90818,-0.009800303,0.097021235,915,5192,2527,1118,2665,225,0.486710324,0.513289676,0.442421844,0.419512195,0.948217636,4.968888889
2018,54182,82786,0.035331435,0.063581587,915,5048,2186,936,2862,482,0.433042789,0.566957211,0.428179323,0.327044025,0.763801537,1.941908714
2017,52333,77837,0.075085254,-0.039642196,915,5206,2261,1263,2945,466,0.434306569,0.565693431,0.558602388,0.428862479,0.767741935,2.710300429
2016,48678,81050,0.054435178,0.476750966,915,4873,1768,934,3105,381,0.362815514,0.637184486,0.528280543,0.300805153,0.569404187,2.45144357
2015,46165,54884,0.036577151,0.022143589,915,4801,1674,838,3127,450,0.348677359,0.651322641,0.500597372,0.267988487,0.535337384,1.862222222
2014,44536,53695,0.019573728,-0.002637591,915,4602,1453,801,3149,526,0.31573229,0.68426771,0.551273228,0.254366466,0.461416323,1.522813688
2013,43681,53837,-0.000434783,-0.022655895,915,4753,1477,883,3276,503,0.310751105,0.689248895,0.597833446,0.26953602,0.450854701,1.755467197
2012,43700,55085,0.045204497,-0.000108911,915,4954,1382,706,3572,590,0.278966492,0.721033508,0.510853835,0.197648376,0.386898096,1.196610169
2011,41810,55091,,,915,4809,1408,767,3401,624,0.292784363,0.707215637,0.544744318,0.225521905,0.413995884,1.229166667
2010,,,,,915,4778,1541,1022,3237,706,0.322519883,0.677480117,0.663205711,0.315724436,0.476058078,1.447592068
2021,71111,80401,0.160067864,0.171701715,916,2579,498,136,2081,170,0.1930981,0.8069019,0.273092369,0.065353196,0.239308025,0.8
2020,61299,68619,0.295496333,0.123409898,916,2780,523,148,2257,124,0.188129496,0.811870504,0.282982792,0.06557377,0.231723527,1.193548387
2019,47317,61081,0.011717163,0.025657817,916,3031,582,153,2449,257,0.192015836,0.807984164,0.262886598,0.062474479,0.23764802,0.595330739
2018,46769,59553,0.068517249,0.03881175,916,3043,602,144,2441,89,0.197831088,0.802168912,0.239202658,0.058992216,0.246620238,1.617977528
2017,43770,57328,0.178069656,0.131913045,916,2897,562,182,2335,167,0.193993787,0.806006213,0.323843416,0.077944325,0.240685225,1.089820359
2016,37154,50647,-0.008803756,-0.046698539,916,3340,704,131,2636,121,0.210778443,0.789221557,0.186079545,0.04969651,0.26707132,1.082644628
2015,37484,53128,-0.022377549,-0.013517528,916,3323,822,336,2501,314,0.247366837,0.752633163,0.408759124,0.134346261,0.328668533,1.070063694
2014,38342,53856,0.061311484,0.052388862,916,3294,870,444,2424,199,0.264116576,0.735883424,0.510344828,0.183168317,0.358910891,2.231155779
2013,36127,51175,-0.076390132,-0.020105314,916,3296,965,412,2331,279,0.292779126,0.707220874,0.426943005,0.176748177,0.413985414,1.476702509
2012,39115,52225,0.026209466,0.066403937,916,3739,966,331,2773,606,0.25835785,0.74164215,0.342650104,0.119365308,0.348359178,0.54620462
2011,38116,48973,,,916,3517,685,340,2832,556,0.194768268,0.805231732,0.496350365,0.120056497,0.241878531,0.611510791
2010,,,,,916,3363,597,292,2766,699,0.177520071,0.822479929,0.489112228,0.105567607,0.215835141,0.417739628
2021,56772,85775,0.040466241,0.121945796,917,3447,1122,631,2325,240,0.325500435,0.674499565,0.562388592,0.271397849,0.482580645,2.629166667
2020,54564,76452,0.095662651,0.197931683,917,3502,1290,694,2212,88,0.368360937,0.631639063,0.537984496,0.313743219,0.58318264,7.886363636
2019,49800,63820,0.154782609,0.095377856,917,3238,1001,526,2237,149,0.309141445,0.690858555,0.525474525,0.235136343,0.447474296,3.530201342
2018,43125,58263,0.05893186,0.06348453,917,3188,1017,406,2171,143,0.319008783,0.680991217,0.399213373,0.187010594,0.46844772,2.839160839
2017,40725,54785,0.01614352,0.008096421,917,3224,1041,370,2183,149,0.322890819,0.677109181,0.355427474,0.169491525,0.476866697,2.483221477
2016,40078,54345,-0.024058832,-0.122604498,917,3298,897,259,2401,186,0.27198302,0.72801698,0.288740245,0.10787172,0.373594336,1.392473118
2015,41066,61939,-0.136742974,-0.057015407,917,3288,973,327,2315,203,0.295924574,0.704075426,0.336073998,0.1412527,0.420302376,1.610837438
2014,47571,65684,-0.06916996,0.011332143,917,3786,1271,364,2515,166,0.335710512,0.664289488,0.28638867,0.14473161,0.505367793,2.192771084
2013,51106,64948,0.050483042,0.02658616,917,3411,1043,380,2368,242,0.305775432,0.694224568,0.364333653,0.160472973,0.440456081,1.570247934
2012,48650,63266,0.039374453,0.014024459,917,3314,1111,577,2203,231,0.335244418,0.664755582,0.519351935,0.26191557,0.504312301,2.497835498
2011,46807,62391,,,917,3208,1151,811,2057,216,0.358790524,0.641209476,0.704604692,0.394263491,0.559552747,3.75462963
2010,,,,,917,3248,1166,882,2082,312,0.358990148,0.641009852,0.756432247,0.423631124,0.560038425,2.826923077
2021,39674,59873,0.102147401,0.105177665,918,3275,825,408,2450,43,0.251908397,0.748091603,0.494545455,0.166530612,0.336734694,9.488372093
2020,35997,54175,0.065504381,0.128034814,918,3529,915,391,2614,87,0.259280249,0.740719751,0.427322404,0.149579189,0.350038256,4.494252874
2019,33784,48026,-0.120277062,-0.092496363,918,3526,671,403,2855,118,0.190300624,0.809699376,0.600596125,0.141155867,0.23502627,3.415254237
2018,38403,52921,0.054274419,0.012706432,918,3473,687,577,2786,98,0.19781169,0.80218831,0.839883552,0.207106963,0.246590093,5.887755102
2017,36426,52257,-0.050689323,0.001283771,918,3576,673,541,2903,133,0.188199105,0.811800895,0.803863299,0.186358939,0.231829142,4.067669173
2016,38371,52190,-0.149465798,-0.109294467,918,3770,837,580,2933,386,0.222015915,0.777984085,0.692951016,0.197749744,0.285373338,1.502590674
2015,45114,58594,0.12785,0.041078853,918,3757,819,640,2938,405,0.21799308,0.78200692,0.781440781,0.217835262,0.278761062,1.580246914
2014,40000,56282,-0.061121022,0.123415637,918,3761,937,700,2824,529,0.249135868,0.750864132,0.747065101,0.247875354,0.331798867,1.323251418
2013,42604,50099,-0.095129877,-0.06924163,918,3484,1139,637,2345,688,0.326923077,0.673076923,0.559262511,0.271641791,0.485714286,0.925872093
2012,47083,53826,-0.15124475,-0.047378015,918,3388,1309,779,2079,550,0.386363636,0.613636364,0.595110772,0.374699375,0.62962963,1.416363636
2011,55473,56503,0.309313633,0.113557084,918,3269,1149,693,2120,473,0.351483634,0.648516366,0.603133159,0.326886792,0.541981132,1.465116279
2010,42368,50741,,,918,2929,1158,606,1771,426,0.395356777,0.604643223,0.523316062,0.34217956,0.653867871,1.422535211
2021,56750,73252,0.101214732,-0.061822001,919,4556,1917,959,2639,172,0.420763828,0.579236172,0.500260824,0.363395225,0.72641152,5.575581395
2020,51534,78079,-0.052248276,0.066216032,919,4526,2112,1005,2414,187,0.466637207,0.533362793,0.475852273,0.416321458,0.874896437,5.374331551
2019,54375,73230,0.071259703,0.139075114,919,4507,2116,1087,2391,221,0.469491901,0.530508099,0.513705104,0.454621497,0.884985362,4.918552036
2018,50758,64289,-0.004081152,-0.01285201,919,4173,1862,940,2311,267,0.446201773,0.553798227,0.504833512,0.406750325,0.805711813,3.520599251
2017,50966,65126,0.098476195,-0.026866296,919,3991,1624,883,2367,290,0.40691556,0.59308444,0.543719212,0.37304605,0.686100549,3.044827586
2016,46397,66924,0.08008008,0.048209755,919,4000,1498,735,2502,418,0.3745,0.6255,0.490654206,0.293764988,0.598721023,1.758373206
2015,42957,63846,0.088511048,0.010781287,919,4001,1619,794,2382,436,0.404648838,0.595351162,0.490426189,0.333333333,0.67968094,1.821100917
2014,39464,63165,0.036998108,0.004532443,919,3875,1713,958,2162,474,0.442064516,0.557935484,0.559252773,0.443108233,0.792321924,2.021097046
2013,38056,62880,-0.095347897,0.110228296,919,4115,1767,759,2348,473,0.429404617,0.570595383,0.429541596,0.323253833,0.752555366,1.604651163
2012,42067,56637,0.196989529,0.217738121,919,4072,1861,845,2211,415,0.457023576,0.542976424,0.454056959,0.382180009,0.841700588,2.036144578
2011,35144,46510,0.168778476,0.135803072,919,3851,1682,609,2169,298,0.43676967,0.56323033,0.362068966,0.28077455,0.775472568,2.043624161
2010,30069,40949,,,919,3577,1475,416,2102,276,0.412356724,0.587643276,0.282033898,0.197906755,0.701712655,1.507246377
2021,61786,85079,0.083964912,0.041626367,920,5529,1906,732,3623,74,0.344727799,0.655272201,0.384050367,0.202042506,0.526083356,9.891891892
2020,57000,81679,-0.003740343,0.164480625,920,5827,2178,913,3649,114,0.373777244,0.626222756,0.419191919,0.250205536,0.596875856,8.00877193
2019,57214,70142,0.07965203,0.071180953,920,5511,2460,1321,3051,155,0.446379967,0.553620033,0.53699187,0.432972796,0.806293019,8.522580645
2018,52993,65481,0.092796899,0.079440177,920,5269,1922,1232,3347,251,0.3647751,0.6352249,0.640998959,0.368090828,0.574245593,4.908366534
2017,48493,60662,0.041158537,0.071937234,920,5349,1568,909,3781,400,0.293138904,0.706861096,0.579719388,0.240412589,0.414705104,2.2725
2016,46576,56591,0.175924056,0.09259581,920,5218,1417,813,3801,499,0.271559985,0.728440015,0.573747354,0.213891081,0.372796632,1.629258517
2015,39608,51795,-0.10039066,-0.075270929,920,5499,1499,901,4000,519,0.272595017,0.727404983,0.601067378,0.22525,0.37475,1.736030829
2014,44028,56011,-0.03896274,-0.002297827,920,5445,1209,698,4236,734,0.222038567,0.777961433,0.577336642,0.164778093,0.285410765,0.950953678
2013,45813,56140,-0.048041558,-0.048377801,920,5174,1261,620,3913,900,0.243718593,0.756281407,0.491673275,0.158446205,0.322259136,0.688888889
2012,48125,58994,0.074314671,-0.017127053,920,5267,1505,763,3762,859,0.285741409,0.714258591,0.506976744,0.20281765,0.400053163,0.888242142
2011,44796,60022,,,920,5313,1898,960,3415,758,0.357236966,0.642763034,0.505795574,0.281112738,0.555783309,1.266490765
2010,,,,,920,5174,2007,1118,3167,925,0.387901044,0.612098956,0.557050324,0.353015472,0.633722766,1.208648649
2021,53102,82474,-0.047822267,0.088722559,921.01,6249,2278,1067,3971,229,0.364538326,0.635461674,0.468393327,0.268698061,0.573659028,4.659388646
2020,55769,75753,-0.006767707,-0.118084661,921.01,6810,3094,986,3716,275,0.454331865,0.545668135,0.318681319,0.265339074,0.832615716,3.585454545
2019,56149,85896,-0.012886326,0.054391456,921.01,7091,3296,988,3795,126,0.464814554,0.535185446,0.299757282,0.260342556,0.868511199,7.841269841
2018,56882,81465,0.074786486,0.066714679,921.01,6948,3424,1062,3524,165,0.492803685,0.507196315,0.310163551,0.301362089,0.971623156,6.436363636
2017,52924,76370,0.067898868,0.05544653,921.01,6916,3201,1064,3715,111,0.462839792,0.537160208,0.332396126,0.28640646,0.861641992,9.585585586
2016,49559,72358,0.080587838,0.119988856,921.01,6532,2945,1101,3587,168,0.450857318,0.549142682,0.37385399,0.306941734,0.821020351,6.553571429
2015,45863,64606,-0.095225883,-0.023665599,921.01,6887,2316,1072,4571,198,0.336285756,0.663714244,0.462867012,0.234521986,0.506672501,5.414141414
2014,50690,66172,0.086788731,0.100226124,921.01,6539,2363,1060,4176,460,0.36137024,0.63862976,0.448582311,0.253831418,0.56585249,2.304347826
2013,46642,60144,-0.017007735,-0.136928508,921.01,6404,2224,1090,4180,568,0.347282948,0.652717052,0.490107914,0.26076555,0.532057416,1.919014085
2012,47449,69686,-0.025687885,-0.038959606,921.01,6585,2558,1238,4027,570,0.388458618,0.611541382,0.483971853,0.307424882,0.635212317,2.171929825
2011,48700,72511,0.133691831,0.162202882,921.01,6821,2765,1544,4056,886,0.405365782,0.594634218,0.55840868,0.380670611,0.681706114,1.742663657
2010,42957,62391,,,921.01,5662,2033,1585,3629,771,0.359060403,0.640939597,0.779636006,0.436759438,0.560209424,2.055771725
2021,85132,110865,0.05918507,0.109693112,922,3525,2076,1211,1449,147,0.58893617,0.41106383,0.583333333,0.835748792,1.432712215,8.238095238
2020,80375,99906,0.121256086,0.139010181,922,3463,2036,1272,1427,167,0.587929541,0.412070459,0.62475442,0.891380519,1.426769446,7.616766467
2019,71683,87713,0.11091653,0.060142379,922,3263,1725,1002,1538,154,0.528654612,0.471345388,0.580869565,0.651495449,1.121586476,6.506493506
2018,64526,82737,-0.072235802,-0.040296482,922,3090,1597,1078,1493,271,0.516828479,0.483171521,0.675015654,0.722036169,1.069658406,3.977859779
2017,69550,86211,0.037409385,0.043640898,922,3248,1728,1111,1520,238,0.532019704,0.467980296,0.642939815,0.730921053,1.136842105,4.668067227
2016,67042,82606,-0.012505339,-0.086277459,922,3200,1807,1006,1393,200,0.5646875,0.4353125,0.556723852,0.72218234,1.297200287,5.03
2015,67891,90406,0.025574791,-4.42E-05,922,3249,1877,1126,1372,309,0.57771622,0.42228378,0.599893447,0.820699708,1.368075802,3.644012945
2014,66198,90410,-0.024534724,0.143865687,922,3135,1454,768,1681,487,0.463795853,0.536204147,0.528198074,0.45687091,0.864961333,1.577002053
2013,67863,79039,0.38529844,0.051050532,922,2972,1318,742,1654,451,0.443472409,0.556527591,0.562974203,0.448609432,0.796856106,1.645232816
2012,48988,75200,0.068487175,0.076145909,922,2867,1303,684,1564,475,0.454482037,0.545517963,0.524942441,0.437340153,0.833120205,1.44
2011,45848,69879,-0.016517225,0.018317741,922,2845,1117,692,1728,520,0.392618629,0.607381371,0.619516562,0.400462963,0.646412037,1.330769231
2010,46618,68622,,,922,2932,986,611,1946,297,0.336289222,0.663710778,0.619675456,0.31397739,0.50668037,2.057239057
2021,71667,78326,-0.006983414,0.022105648,923,3834,1650,589,2184,181,0.430359937,0.569640063,0.356969697,0.269688645,0.755494505,3.254143646
2020,72171,76632,0.301105122,0.083627931,923,3536,1581,627,1955,196,0.447115385,0.552884615,0.39658444,0.320716113,0.808695652,3.198979592
2019,55469,70718,0.100204296,-0.002032119,923,3421,1452,718,1969,198,0.424437299,0.575562701,0.494490358,0.364652108,0.737430168,3.626262626
2018,50417,70862,0.114483399,0.152958787,923,3373,1477,669,1896,238,0.437889119,0.562110881,0.452945159,0.352848101,0.779008439,2.81092437
2017,45238,61461,0.034507992,0.080594968,923,3502,1426,609,2076,215,0.407195888,0.592804112,0.427068724,0.293352601,0.686897881,2.83255814
2016,43729,56877,0.028917647,0.060050321,923,3365,1451,590,1914,172,0.431203566,0.568796434,0.406616127,0.308254963,0.758098224,3.430232558
2015,42500,53655,0.15123114,-0.043275917,923,3434,1578,711,1856,152,0.459522423,0.540477577,0.450570342,0.383081897,0.850215517,4.677631579
2014,36917,56082,-0.090266141,0.045097089,923,3360,1430,461,1930,153,0.425595238,0.574404762,0.322377622,0.238860104,0.740932642,3.013071895
2013,40580,53662,0.058949401,-0.018240363,923,3404,1402,499,2002,144,0.41186839,0.58813161,0.355920114,0.249250749,0.7002997,3.465277778
2012,38321,54659,0.042322861,-0.053556587,923,3155,1261,574,1894,295,0.399683043,0.600316957,0.45519429,0.303062302,0.665786695,1.945762712
2011,36765,57752,0.005249774,0.038611636,923,2964,1170,682,1794,247,0.394736842,0.605263158,0.582905983,0.380156076,0.652173913,2.761133603
2010,36573,55605,,,923,2662,1188,665,1474,239,0.446280992,0.553719008,0.55976431,0.451153324,0.805970149,2.782426778
2021,39850,63515,0.248863957,0.096049975,924,5987,1065,513,4922,52,0.177885418,0.822114582,0.481690141,0.104225924,0.216375457,9.865384615
2020,31909,57949,-0.050072936,0.072474229,924,6386,1050,606,5336,141,0.164422174,0.835577826,0.577142857,0.113568216,0.196776612,4.29787234
2019,33591,54033,0.053504783,0.141912169,924,6412,1142,618,5270,245,0.178103556,0.821896444,0.541155867,0.117267552,0.216698292,2.52244898
2018,31885,47318,0.003777743,0.238010518,924,6549,1116,563,5433,282,0.170407696,0.829592304,0.504480287,0.103625989,0.205411375,1.996453901
2017,31765,38221,0.093534839,0.083883958,924,5984,1019,499,4965,450,0.170287433,0.829712567,0.48969578,0.100503525,0.205236657,1.108888889
2016,29048,35263,-0.076257712,-0.072660811,924,5817,1237,531,4580,568,0.21265257,0.78734743,0.429264349,0.115938865,0.270087336,0.934859155
2015,31446,38026,0.035770751,0.046279991,924,5732,1296,612,4436,907,0.226099093,0.773900907,0.472222222,0.137962128,0.292155095,0.674751929
2014,30360,36344,-0.02978397,-0.121234102,924,5573,1204,493,4369,620,0.216041629,0.783958371,0.409468439,0.112840467,0.275577935,0.79516129
2013,31292,41358,-0.038766357,-0.038253145,924,5593,1187,442,4406,644,0.212229573,0.787770427,0.372367313,0.100317749,0.269405356,0.686335404
2012,32554,43003,0.242187202,0.060153342,924,5859,1178,561,4681,517,0.201058201,0.798941799,0.4762309,0.119846187,0.251655629,1.085106383
2011,26207,40563,-0.0835752,0.049386868,924,5597,1153,421,4444,547,0.206003216,0.793996784,0.365134432,0.094734473,0.259450945,0.769652651
2010,28597,38654,,,924,5995,1379,408,4616,700,0.230025021,0.769974979,0.29586657,0.088388215,0.298743501,0.582857143
2021,36471,62289,0.173795501,0.159900935,1001,7230,2065,771,5165,451,0.285615491,0.714384509,0.373365617,0.149273959,0.399806389,1.709534368
2020,31071,53702,0.084162043,0.116744302,1001,6934,2067,829,4867,677,0.298096337,0.701903663,0.401064344,0.170330799,0.424696939,1.224519941
2019,28659,48088,-0.027948309,-0.083322214,1001,6926,2427,994,4499,640,0.350418712,0.649581288,0.409559126,0.220937986,0.539453212,1.553125
2018,29483,52459,0.06245045,0.120105052,1001,7050,2442,621,4608,632,0.346382979,0.653617021,0.254299754,0.134765625,0.529947917,0.982594937
2017,27750,46834,-0.018706461,0.069709013,1001,6653,2203,564,4450,493,0.331128814,0.668871186,0.256014526,0.126741573,0.49505618,1.144016227
2016,28279,43782,0.108806462,-0.017635972,1001,5983,1576,568,4407,622,0.263413004,0.736586996,0.360406091,0.128885863,0.357612889,0.91318328
2015,25504,44568,-0.110460047,0.019606049,1001,6059,1539,550,4520,579,0.254002311,0.745997689,0.357374919,0.121681416,0.340486726,0.949913644
2014,28671,43711,0.152093547,0.070429778,1001,6297,1661,481,4636,508,0.263776401,0.736223599,0.289584588,0.103753236,0.358283003,0.946850394
2013,24886,40835,-0.106106322,-0.039515465,1001,6232,1561,543,4671,439,0.250481386,0.749518614,0.34785394,0.116249197,0.334189681,1.23690205
2012,27840,42515,0.24424581,0.143767991,1001,6132,1697,677,4435,537,0.276744945,0.723255055,0.398939305,0.15264938,0.382638106,1.260707635
2011,22375,37171,-0.139654708,-0.112376722,1001,5607,1480,524,4127,677,0.26395577,0.73604423,0.354054054,0.126968742,0.358614005,0.774002954
2010,26007,41877,,,1001,5575,1665,529,3910,755,0.298654709,0.701345291,0.317717718,0.135294118,0.425831202,0.700662252
2021,58958,69201,-0.03696444,-0.04869197,1002,3748,1670,986,2078,168,0.445570971,0.554429029,0.590419162,0.474494706,0.803657363,5.869047619
2020,61221,72743,0.149280069,0.027908094,1002,3742,1832,981,1910,100,0.489577766,0.510422234,0.535480349,0.513612565,0.959162304,9.81
2019,53269,70768,0.190368715,0.043591105,1002,3296,1166,543,2130,167,0.353762136,0.646237864,0.465694683,0.254929577,0.54741784,3.251497006
2018,44750,67812,0.141086774,0.108709514,1002,3419,1199,549,2220,215,0.350687335,0.649312665,0.457881568,0.247297297,0.54009009,2.553488372
2017,39217,61163,0.054135419,0.099421196,1002,3159,1169,574,1990,268,0.370053814,0.629946186,0.491017964,0.288442211,0.587437186,2.141791045
2016,37203,55632,0.018060915,-0.028991325,1002,2909,1064,581,1845,274,0.36576143,0.63423857,0.546052632,0.314905149,0.576693767,2.120437956
2015,36543,57293,-0.005957238,0.107325087,1002,2996,1197,609,1799,297,0.39953271,0.60046729,0.50877193,0.338521401,0.66536965,2.050505051
2014,36762,51740,-0.183066667,-0.062766054,1002,2941,1197,698,1744,256,0.40700442,0.59299558,0.583124478,0.400229358,0.686353211,2.7265625
2013,45000,55205,-0.115200849,-0.091320593,1002,2668,1168,655,1500,225,0.437781109,0.562218891,0.560787671,0.436666667,0.778666667,2.911111111
2012,50859,60753,0.213876557,0.090933578,1002,2664,1153,558,1511,169,0.432807808,0.567192192,0.4839549,0.36929186,0.763070814,3.301775148
2011,41898,55689,-0.091583192,-0.038634833,1002,2597,1009,584,1588,176,0.388525221,0.611474779,0.578790882,0.367758186,0.635390428,3.318181818
2010,46122,57927,,,1002,2893,1407,849,1486,177,0.486346353,0.513653647,0.603411514,0.571332436,0.946837147,4.796610169
2021,65417,84047,-0.040933015,0.078604245,1003,4094,1936,729,2158,57,0.472887152,0.527112848,0.376549587,0.33781279,0.897126969,12.78947368
2020,68209,77922,0.320728047,0.009875583,1003,4230,1980,919,2250,155,0.468085106,0.531914894,0.464141414,0.408444444,0.88,5.929032258
2019,51645,77160,-0.00175893,0.031454276,1003,4353,2090,1117,2263,91,0.480128647,0.519871353,0.534449761,0.493592576,0.923552806,12.27472527
2018,51736,74807,0.006830787,0.016454699,1003,4069,1835,1126,2234,204,0.450970754,0.549029246,0.613623978,0.504028648,0.821396598,5.519607843
2017,51385,73596,0.021733079,0.172097468,1003,4032,1918,1210,2114,200,0.475694444,0.524305556,0.630865485,0.572374645,0.907284768,6.05
2016,50292,62790,0.087394595,0.109716871,1003,3701,1762,1069,1939,204,0.476087544,0.523912456,0.606696935,0.551315111,0.908715833,5.240196078
2015,46250,56582,-0.042839404,-0.008672495,1003,3604,1979,1055,1625,100,0.549112098,0.450887902,0.533097524,0.649230769,1.217846154,10.55
2014,48320,57077,-0.002971278,0.005691229,1003,3381,1683,768,1698,179,0.497781721,0.502218279,0.456327986,0.45229682,0.991166078,4.290502793
2013,48464,56754,0.107748571,0.0265157,1003,3173,1603,561,1570,209,0.505200126,0.494799874,0.349968808,0.357324841,1.021019108,2.684210526
2012,43750,55288,-0.042355259,0.00112266,1003,3582,1490,654,2092,370,0.415968733,0.584031267,0.438926174,0.312619503,0.712237094,1.767567568
2011,45685,55226,0.036622722,0.072120518,1003,3488,1364,716,2124,434,0.391055046,0.608944954,0.524926686,0.337099812,0.642184557,1.649769585
2010,44071,51511,,,1003,3555,1394,1069,2161,567,0.392123769,0.607876231,0.766857963,0.49467839,0.645071726,1.885361552
2021,94352,97932,0.053553084,0.078059467,1004,5783,2656,1129,3127,292,0.459277192,0.540722808,0.425075301,0.361048929,0.849376399,3.866438356
2020,89556,90841,0.313253365,0.174339086,1004,5676,2781,1265,2895,302,0.489957717,0.510042283,0.454872348,0.436960276,0.960621762,4.188741722
2019,68194,77355,0.24378055,0.027058964,1004,5907,2648,992,3259,507,0.4482817,0.5517183,0.374622356,0.304387849,0.812519178,1.956607495
2018,54828,75317,0.020853504,0.090476053,1004,5568,2990,1086,2578,462,0.536997126,0.463002874,0.363210702,0.421256788,1.159813809,2.350649351
2017,53708,69068,-0.215345956,-0.069741131,1004,5531,2811,1259,2720,433,0.508226361,0.491773639,0.447883316,0.462867647,1.033455882,2.907621247
2016,68448,74246,0.107698283,0.056025716,1004,5461,2838,1496,2623,364,0.519685039,0.480314961,0.527131783,0.570339306,1.081967213,4.10989011
2015,61793,70307,0.177345908,0.037098773,1004,5074,2368,1402,2706,416,0.466692944,0.533307056,0.592060811,0.518107908,0.875092387,3.370192308
2014,52485,67792,0.004055631,-0.002941523,1004,4673,2026,1606,2647,365,0.433554462,0.566445538,0.792694965,0.606724594,0.765394787,4.4
2013,52273,67992,-0.091394205,-0.00341517,1004,4921,1989,1648,2932,467,0.404186141,0.595813859,0.828557064,0.56207367,0.678376535,3.528907923
2012,57531,68225,0.086926129,0.089160281,1004,4488,1946,1546,2542,447,0.433600713,0.566399287,0.794450154,0.608182533,0.765538946,3.458612975
2011,52930,62640,,,1004,4491,1639,1180,2852,523,0.364952126,0.635047874,0.71995119,0.413744741,0.574684432,2.256214149
2010,,,,,1004,4635,1788,1130,2847,558,0.385760518,0.614239482,0.631991051,0.396909027,0.628029505,2.025089606
2021,49644,81963,0.25789287,0.113763911,1005,7049,2960,1220,4089,333,0.419917719,0.580082281,0.412162162,0.298361458,0.723893372,3.663663664
2020,39466,73591,-0.341278187,-0.133509949,1005,6908,2720,839,4188,249,0.393746381,0.606253619,0.308455882,0.200334288,0.64947469,3.369477912
2019,59913,84930,0.281808263,0.197546531,1005,6592,2811,899,3781,279,0.426425971,0.573574029,0.319815012,0.237767786,0.743454113,3.222222222
2018,46741,70920,-0.087980488,0.016322495,1005,6876,2659,1037,4217,259,0.386707388,0.613292612,0.389996239,0.245909414,0.63054304,4.003861004
2017,51250,69781,-0.013246563,0.00065964,1005,7303,2522,907,4781,292,0.345337533,0.654662467,0.35963521,0.189709266,0.527504706,3.106164384
2016,51938,69735,0.00737034,-0.019970206,1005,7314,2476,1066,4838,284,0.338528849,0.661471151,0.430533118,0.220338983,0.511781728,3.753521127
2015,51558,71156,0.041365381,0.12244061,1005,7190,2413,1289,4777,384,0.335605007,0.664394993,0.534189805,0.269834624,0.505128742,3.356770833
2014,49510,63394,-0.100063619,-0.110334568,1005,6559,1761,1075,4798,309,0.26848605,0.73151395,0.610448609,0.224051688,0.367027928,3.478964401
2013,55015,71256,0.045992091,-0.021786582,1005,6818,2399,1604,4419,493,0.351862716,0.648137284,0.668611922,0.362978049,0.542883005,3.253549696
2012,52596,72843,0.128548439,0.129138765,1005,5659,2206,1331,3453,430,0.389821523,0.610178477,0.603354488,0.385461917,0.638864755,3.095348837
2011,46605,64512,-0.099994207,-0.02150766,1005,5222,1811,1317,3411,396,0.346801992,0.653198008,0.727222529,0.386103782,0.530929346,3.325757576
2010,51783,65930,,,1005,4803,1891,1398,2912,441,0.393712263,0.606287737,0.73929138,0.480082418,0.649381868,3.170068027
2021,99207,112671,0.070032573,0.122690767,1006.01,5681,2504,761,3177,228,0.440767471,0.559232529,0.303913738,0.239534152,0.788164935,3.337719298
2020,92714,100358,0.210476153,0.06362143,1006.01,6126,2428,633,3698,266,0.396343454,0.603656546,0.260708402,0.171173607,0.65657112,2.379699248
2019,76593,94355,0.077469544,0.10257429,1006.01,6316,2529,747,3787,321,0.400411653,0.599588347,0.295373665,0.197253763,0.667810932,2.327102804
2018,71086,85577,0.101971848,0.06932487,1006.01,5973,1905,489,4068,308,0.318935208,0.681064792,0.256692913,0.12020649,0.468289086,1.587662338
2017,64508,80029,0.030759152,0.087128982,1006.01,5898,2102,844,3796,463,0.356391997,0.643608003,0.40152236,0.222339305,0.55374078,1.822894168
2016,62583,73615,0.057055992,0.056002639,1006.01,5621,2022,863,3599,387,0.359722469,0.640277531,0.426805143,0.23978883,0.561822729,2.22997416
2015,59205,69711,0.013333105,-0.006102169,1006.01,5180,2380,1009,2800,265,0.459459459,0.540540541,0.42394958,0.360357143,0.85,3.80754717
2014,58426,70139,0.035664906,0.012764421,1006.01,5391,2689,1426,2702,229,0.498794287,0.501205713,0.530308665,0.527757217,0.995188749,6.227074236
2013,56414,69255,0.067617948,0.030779764,1006.01,5147,2611,1537,2536,370,0.507285798,0.492714202,0.588663347,0.606072555,1.029574132,4.154054054
2012,52841,67187,-0.01445464,-0.011432523,1006.01,4902,2514,1225,2388,328,0.512851897,0.487148103,0.487271281,0.512981575,1.052763819,3.734756098
2011,53616,67964,,,1006.01,4938,2516,1397,2422,625,0.509518023,0.490481977,0.555246423,0.576796036,1.0388109,2.2352
2010,,,,,1006.01,4653,2416,1776,2237,496,0.519234902,0.480765098,0.735099338,0.793920429,1.080017881,3.580645161
2021,123169,140596,0.332839164,0.250353506,1006.03,2051,1404,463,647,22,0.684544125,0.315455875,0.32977208,0.71561051,2.170015456,21.04545455
2020,92411,112445,0.016700956,-0.000631021,1006.03,2032,1344,476,688,9,0.661417323,0.338582677,0.354166667,0.691860465,1.953488372,52.88888889
2019,90893,112516,0.016984615,0.07256158,1006.03,1894,1136,217,758,18,0.599788807,0.400211193,0.191021127,0.286279683,1.498680739,12.05555556
2018,89375,104904,0.031341234,0.037092692,1006.03,1953,1094,298,859,0,0.56016385,0.43983615,0.272394881,0.346915017,1.273573923,inf
2017,86659,101152,0.06560179,0.115273934,1006.03,2049,1210,321,839,11,0.590531967,0.409468033,0.265289256,0.382598331,1.442193087,29.18181818
2016,81324,90697,0.014786808,0.036714865,1006.03,2004,1152,477,852,11,0.574850299,0.425149701,0.4140625,0.559859155,1.352112676,43.36363636
2015,80139,87485,0.046843363,-4.57E-05,1006.03,1950,1084,442,866,23,0.555897436,0.444102564,0.407749077,0.51039261,1.251732102,19.2173913
2014,76553,87489,0.180262407,0.118985496,1006.03,1905,1041,381,864,29,0.546456693,0.453543307,0.365994236,0.440972222,1.204861111,13.13793103
2013,64861,78186,-0.016333525,-0.006695209,1006.03,1723,1103,328,620,79,0.640162507,0.359837493,0.297370807,0.529032258,1.779032258,4.151898734
2012,65938,78713,0.036858823,0.022459212,1006.03,1813,1057,451,756,63,0.583011583,0.416988417,0.426679281,0.596560847,1.398148148,7.158730159
2011,63594,76984,0.052584537,0.079674067,1006.03,1617,976,487,641,69,0.603586889,0.396413111,0.49897541,0.75975039,1.522620905,7.057971014
2010,60417,71303,,,1006.03,1651,1155,860,496,97,0.699576015,0.300423985,0.744588745,1.733870968,2.328629032,8.865979381
2021,125094,174077,0.101150498,0.124993537,1007,4238,2909,1217,1329,52,0.686408683,0.313591317,0.418356824,0.91572611,2.188863807,23.40384615
2020,113603,154736,0.180290909,0.293725179,1007,4738,3081,1455,1657,73,0.650274377,0.349725623,0.47224927,0.878092939,1.85938443,19.93150685
2019,96250,119605,0.105521289,0.172414131,1007,4405,2939,1517,1466,114,0.667196368,0.332803632,0.51616196,1.03478854,2.004774898,13.30701754
2018,87063,102016,0.121584541,0.108640607,1007,4384,2796,1347,1588,120,0.637773723,0.362226277,0.481759657,0.848236776,1.76070529,11.225
2017,77625,92019,0.088083991,0.032008075,1007,4412,2667,1482,1745,204,0.604487761,0.395512239,0.55568054,0.849283668,1.528366762,7.264705882
2016,71341,89165,-0.013782521,-0.010289482,1007,4468,2806,1474,1662,169,0.628021486,0.371978514,0.525302922,0.886883273,1.688327316,8.721893491
2015,72338,90092,0.013605728,0.043976036,1007,4365,2667,1285,1698,404,0.610996564,0.389003436,0.481814773,0.756772674,1.570671378,3.180693069
2014,71367,86297,0.021805739,0.03385607,1007,4464,2669,1273,1795,496,0.597894265,0.402105735,0.476957662,0.709192201,1.486908078,2.566532258
2013,69844,83471,-0.002228571,0.063392573,1007,4393,2876,1370,1517,509,0.654677897,0.345322103,0.47635605,0.90309822,1.895847067,2.691552063
2012,70000,78495,0.022390349,0.029753237,1007,4353,2834,1407,1519,456,0.651045256,0.348954744,0.496471418,0.926267281,1.865701119,3.085526316
2011,68467,76227,0.028264624,0.063939369,1007,4354,2537,1509,1817,589,0.582682591,0.417317409,0.594797004,0.830489818,1.396257567,2.56196944
2010,66585,71646,,,1007,4186,2412,1454,1774,356,0.576206402,0.423793598,0.602819237,0.819616685,1.359639233,4.084269663
2021,88984,107190,0.084456577,0.048723217,1008,6001,2874,1146,3127,214,0.47892018,0.52107982,0.39874739,0.366485449,0.919091781,5.355140187
2020,82054,102210,-0.083195531,-0.039370671,1008,6269,3184,1456,3085,224,0.507895996,0.492104004,0.457286432,0.471961102,1.032090762,6.5
2019,89500,106399,0.012157195,0.043495744,1008,6230,3317,1356,2913,344,0.532423756,0.467576244,0.408803135,0.465499485,1.138688637,3.941860465
2018,88425,101964,0.150752853,0.032379564,1008,6572,3464,1536,3108,339,0.527084601,0.472915399,0.443418014,0.494208494,1.114543115,4.530973451
2017,76841,98766,0.040247468,-0.057980829,1008,6583,3538,1673,3045,291,0.537444934,0.462555066,0.472866026,0.549425287,1.161904762,5.749140893
2016,73868,104845,0.011447037,0.016816828,1008,6409,3493,2006,2916,428,0.545014823,0.454985177,0.57429144,0.687928669,1.1978738,4.686915888
2015,73032,103111,0.110550166,0.4098336,1008,6716,3588,2189,3128,330,0.534246575,0.465753425,0.610089186,0.699808184,1.147058824,6.633333333
2014,65762,73137,-0.043183472,-0.014764323,1008,6380,3683,1997,2697,404,0.577272727,0.422727273,0.542221015,0.740452354,1.365591398,4.943069307
2013,68730,74233,0.022904853,-0.014680312,1008,6373,3434,1647,2939,630,0.538835713,0.461164287,0.479615609,0.560394692,1.168424634,2.614285714
2012,67191,75339,0.104878891,0.05429687,1008,6590,3532,1506,3058,576,0.535963581,0.464036419,0.426387316,0.492478744,1.15500327,2.614583333
2011,60813,71459,0.070651408,0.043989598,1008,6238,3425,1878,2813,576,0.549054184,0.450945816,0.548321168,0.667614646,1.217561322,3.260416667
2010,56800,68448,,,1008,5602,3305,1766,2297,709,0.589967869,0.410032131,0.534341906,0.768828907,1.438833261,2.490832158
2021,,160064,,0.294073894,708.01,1096,23,0,1073,22,0.020985401,0.979014599,0,0,0.021435228,0
2020,,123690,,-0.155071008,708.01,1020,18,0,1002,37,0.017647059,0.982352941,0,0,0.017964072,0
2019,94653,146391,0.045346616,0.062351686,708.01,,,,,,,,,,,
2018,90547,137799,0.138955975,0.144738154,708.01,,,,,,,,,,,
2017,79500,120376,0.109297166,0.053794504,708.01,,,,,,,,,,,
2016,71667,114231,-0.225221622,0.001104246,708.01,,,,,,,,,,,
2015,92500,114105,-0.038011544,-0.014186113,708.01,,,,,,,,,,,
2014,96155,115747,0.386717623,0.103855727,708.01,,,,,,,,,,,
2013,69340,104857,0.077745656,0.165634692,708.01,,,,,,,,,,,
2012,64338,89957,0.13693474,-0.021557772,708.01,,,,,,,,,,,
2011,56589,91939,,,708.01,,,,,,,,,,,
2021,30357,60760,-0.157942914,0.021794699,709.01,1141,282,2,859,26,0.247151621,0.752848379,0.007092199,0.002328289,0.328288708,0.076923077
2020,36051,59464,-0.319792453,-0.567977565,709.01,1344,387,60,957,149,0.287946429,0.712053571,0.15503876,0.062695925,0.404388715,0.402684564
2019,53000,137641,-0.051454139,0.109015317,709.01,,,,,,,,,,,
2018,55875,124111,-0.085784875,0.068678693,709.01,,,,,,,,,,,
2017,61118,116135,0.281622211,0.294935551,709.01,,,,,,,,,,,
2016,47688,89684,0.026166294,0.038117396,709.01,,,,,,,,,,,
2015,46472,86391,-0.345464789,-0.167772886,709.01,,,,,,,,,,,
2014,71000,103807,0.305939265,0.057657823,709.01,,,,,,,,,,,
2013,54367,98148,0.012930151,0.067986942,709.01,,,,,,,,,,,
2012,53673,91900,0.051710624,0.040722957,709.01,,,,,,,,,,,
2011,51034,88304,0.233778165,0.128456781,709.01,,,,,,,,,,,
2021,42563,60228,0.017377378,0.042602178,801,1658,443,249,1215,141,0.267189385,0.732810615,0.562076749,0.204938272,0.364609053,1.765957447
2020,41836,57767,0.296918594,0.304172123,801,1845,633,400,1212,139,0.343089431,0.656910569,0.631911532,0.330033003,0.522277228,2.877697842
2019,32258,44294,0.033181731,0.016103872,801,1809,496,291,1313,127,0.274184632,0.725815368,0.586693548,0.221629855,0.377760853,2.291338583
2018,31222,43592,6.41E-05,-0.036875014,801,,,,,,,,,,,
2017,31220,45261,0.020328126,0.062365036,801,1748,587,276,1161,113,0.335812357,0.664187643,0.470187394,0.237726098,0.505598622,2.442477876
2016,30598,42604,0.002424322,0.108324662,801,1684,603,267,1081,75,0.35807601,0.64192399,0.44278607,0.246993525,0.557816836,3.56
2015,30524,38440,0.117358518,0.010834122,801,1618,485,204,1133,131,0.299752781,0.700247219,0.420618557,0.180052957,0.428067079,1.557251908
2014,27318,38028,-0.138559536,-0.160622448,801,1570,547,317,1023,143,0.348407643,0.651592357,0.57952468,0.309872923,0.534701857,2.216783217
2013,31712,45305,0.026876498,0.036585366,801,1592,700,612,892,170,0.439698492,0.560301508,0.874285714,0.686098655,0.784753363,3.6
2012,30882,43706,-0.234248308,-0.116229223,801,1537,607,528,930,143,0.394925179,0.605074821,0.86985173,0.567741935,0.652688172,3.692307692
2011,40329,49454,,,801,1690,772,679,918,131,0.456804734,0.543195266,0.879533679,0.739651416,0.840958606,5.183206107
2010,,,,,801,1359,664,534,695,78,0.488594555,0.511405445,0.804216867,0.768345324,0.955395683,6.846153846
2021,41211,60163,0.028654869,-0.014141513,803,2371,516,75,1855,170,0.217629692,0.782370308,0.145348837,0.040431267,0.278167116,0.441176471
2020,40063,61026,-0.059929136,0.145382883,803,2178,578,202,1600,147,0.265381084,0.734618916,0.349480969,0.12625,0.36125,1.37414966
2019,42617,53280,0.189322691,0.027440847,803,2185,565,168,1620,182,0.258581236,0.741418764,0.297345133,0.103703704,0.348765432,0.923076923
2018,35833,51857,-0.085659607,-0.008318672,803,2067,489,170,1578,147,0.236574746,0.763425254,0.347648262,0.107731305,0.309885932,1.156462585
2017,39190,52292,0.239209486,0.024830965,803,2321,461,92,1860,128,0.198621284,0.801378716,0.199566161,0.049462366,0.247849462,0.71875
2016,31625,51025,0.114419621,0.096039008,803,2054,272,87,1782,138,0.132424537,0.867575463,0.319852941,0.048821549,0.152637486,0.630434783
2015,28378,46554,0.270732581,0.075448161,803,2049,263,71,1786,141,0.128355295,0.871644705,0.269961977,0.039753639,0.147256439,0.503546099
2014,22332,43288,0.035662941,0.15048105,803,2027,205,51,1822,218,0.101134682,0.898865318,0.248780488,0.027991218,0.112513721,0.233944954
2013,21563,37626,0.208620593,-0.099662607,803,1826,239,98,1587,185,0.130887185,0.869112815,0.410041841,0.061751733,0.150598614,0.52972973
2012,17841,41791,-0.234784474,0.529181456,803,1656,328,119,1328,189,0.198067633,0.801932367,0.362804878,0.089608434,0.246987952,0.62962963
2011,23315,27329,,,803,1699,255,77,1444,366,0.150088287,0.849911713,0.301960784,0.0533241,0.176592798,0.210382514
2010,,,,,803,1648,250,118,1398,436,0.151699029,0.848300971,0.472,0.084406295,0.178826896,0.270642202
2021,22212,35611,0.045270588,-0.011821184,804.01,2728,122,0,2606,285,0.044721408,0.955278592,0,0,0.046815042,0
2020,21250,36037,0.142350285,-0.213509385,804.01,2868,161,0,2707,311,0.056136681,0.943863319,0,0,0.059475434,0
2019,18602,45820,-0.030842972,-0.047698223,804.01,2998,289,39,2709,335,0.096397598,0.903602402,0.134948097,0.014396456,0.106681432,0.11641791
2018,19194,48115,-0.011230167,0.016306529,804.01,,,,,,,,,,,
2017,19412,47343,-0.374653695,-0.03654938,804.01,3050,431,88,2619,283,0.141311475,0.858688525,0.204176334,0.033600611,0.164566628,0.310954064
2016,31042,49139,0.30133311,0.065783195,804.01,3087,467,69,2620,315,0.151279559,0.848720441,0.147751606,0.026335878,0.178244275,0.219047619
2015,23854,46106,0.25323106,0.259348283,804.01,2955,387,58,2568,386,0.130964467,0.869035533,0.149870801,0.02258567,0.150700935,0.150259067
2014,19034,36611,0.045651816,0.1396775,804.01,2796,263,11,2533,383,0.094062947,0.905937053,0.041825095,0.004342677,0.103829451,0.028720627
2013,18203,32124,0.116748466,0.089577044,804.01,2496,202,14,2294,436,0.080929487,0.919070513,0.069306931,0.006102877,0.088055798,0.032110092
2012,16300,29483,0.212256433,0.154475683,804.01,2465,279,8,2186,657,0.113184584,0.886815416,0.028673835,0.003659652,0.127630375,0.01217656
2011,13446,25538,-0.107941352,0.006423645,804.01,2332,230,20,2102,727,0.098627787,0.901372213,0.086956522,0.009514748,0.1094196,0.027510316
2010,15073,25375,,,804.01,2415,286,11,2129,677,0.118426501,0.881573499,0.038461538,0.005166745,0.134335369,0.016248154
2021,39625,48267,0.258735705,0.184408127,805,3583,89,0,3494,309,0.02483952,0.97516048,0,0,0.025472238,0
2020,31480,40752,0.047691949,0.021506994,805,3448,62,0,3386,366,0.017981439,0.982018561,0,0,0.018310691,0
2019,30047,39894,0.335422222,0.194788859,805,3593,114,31,3479,459,0.031728361,0.968271639,0.271929825,0.008910606,0.032768037,0.067538126
2018,22500,33390,-0.049228819,-0.037918516,805,3205,139,41,3066,491,0.043369735,0.956630265,0.294964029,0.013372472,0.045335943,0.083503055
2017,23665,34706,0.020306976,-0.052861392,805,3116,187,43,2929,552,0.060012837,0.939987163,0.229946524,0.014680778,0.063844315,0.077898551
2016,23194,36643,0.020817746,0.143771264,805,3189,147,54,3042,557,0.046095955,0.953904045,0.367346939,0.017751479,0.048323471,0.096947935
2015,22721,32037,0.176583294,0.11545559,805,3280,148,78,3132,666,0.045121951,0.954878049,0.527027027,0.024904215,0.047254151,0.117117117
2014,19311,28721,0.071583153,0.07400344,805,3068,103,34,2965,557,0.03357236,0.96642764,0.330097087,0.011467116,0.034738617,0.061041293
2013,18021,26742,-0.091729248,-0.119836751,805,3163,82,30,3081,471,0.025924755,0.974075245,0.365853659,0.009737098,0.026614735,0.063694268
2012,19841,30383,0.229610808,0.24199812,805,2623,46,25,2577,464,0.017537171,0.982462829,0.543478261,0.009701203,0.017850213,0.05387931
2011,16136,24463,0.042309928,-0.02847498,805,3061,134,134,2927,511,0.043776544,0.956223456,1,0.045780663,0.045780663,0.26223092
2010,15481,25180,,,805,2744,166,166,2578,613,0.060495627,0.939504373,1,0.064391001,0.064391001,0.270799347
2021,14590,38663,0.023500526,0.112476262,806.01,1807,355,28,1452,210,0.196458218,0.803541782,0.078873239,0.019283747,0.244490358,0.133333333
2020,14255,34754,-0.189780607,0.056127876,806.01,1898,324,28,1574,382,0.170706006,0.829293994,0.086419753,0.017789072,0.205844981,0.073298429
2019,17594,32907,0.120422849,0.109062721,806.01,1865,312,21,1553,403,0.167292225,0.832707775,0.067307692,0.013522215,0.200901481,0.052109181
2018,15703,29671,-0.024294768,-0.023916047,806.01,1926,209,12,1717,444,0.108515057,0.891484943,0.057416268,0.006988934,0.121723937,0.027027027
2017,16094,30398,-0.0096,0.074589932,806.01,2022,193,14,1829,408,0.095450049,0.904549951,0.07253886,0.007654456,0.105522143,0.034313725
2016,16250,28288,-0.038006157,-0.021548891,806.01,2048,147,7,1901,312,0.071777344,0.928222656,0.047619048,0.003682272,0.077327722,0.022435897
2015,16892,28911,0.003564639,0.031688256,806.01,2132,138,21,1994,286,0.064727955,0.935272045,0.152173913,0.010531595,0.069207623,0.073426573
2014,16832,28023,-0.281052452,-0.150148602,806.01,2079,71,15,2008,270,0.034151034,0.965848966,0.211267606,0.00747012,0.035358566,0.055555556
2013,23412,32974,0.05416723,-0.011629998,806.01,2133,224,11,1909,238,0.105016409,0.894983591,0.049107143,0.005762179,0.117338921,0.046218487
2012,22209,33362,0.036737933,0.005909667,806.01,2222,220,12,2002,291,0.099009901,0.900990099,0.054545455,0.005994006,0.10989011,0.041237113
2011,21422,33166,0.133619093,-0.010944443,806.01,2286,203,7,2083,439,0.0888014,0.9111986,0.034482759,0.003360538,0.097455593,0.01594533
2010,18897,33533,,,806.01,2349,167,10,2182,501,0.071094083,0.928905917,0.05988024,0.004582951,0.076535289,0.01996008
2021,25308,40952,,0.844186256,813.02,2687,151,0,2536,310,0.056196502,0.943803498,0,0,0.059542587,0
2020,,22206,,-0.448366663,813.02,2210,114,0,2096,158,0.05158371,0.94841629,0,0,0.054389313,0
2019,16226,40255,-0.098705771,0.163775658,813.02,4739,576,388,4163,790,0.12154463,0.87845537,0.673611111,0.093202018,0.138361758,0.491139241
2018,18003,34590,0.017693612,-0.076220489,813.02,5179,454,153,4725,593,0.087661711,0.912338289,0.337004405,0.032380952,0.096084656,0.258010118
2017,17690,37444,-0.032010944,-0.057016218,813.02,5425,630,171,4795,819,0.116129032,0.883870968,0.271428571,0.035662148,0.131386861,0.208791209
2016,18275,39708,-0.126183418,0.014252874,813.02,5149,745,181,4404,900,0.144688289,0.855311711,0.24295302,0.041099001,0.169164396,0.201111111
2015,20914,39150,-0.033280947,0.035549913,813.02,5289,450,71,4839,848,0.085082246,0.914917754,0.157777778,0.014672453,0.09299442,0.083726415
2014,21634,37806,-0.000231064,0.044826443,813.02,5402,429,105,4973,702,0.079415031,0.920584969,0.244755245,0.021114016,0.086265836,0.14957265
2013,21639,36184,0.048553569,0.040667242,813.02,5197,353,94,4844,739,0.067923802,0.932076198,0.266288952,0.01940545,0.072873658,0.127198917
2012,20637,34770,0.01141933,0.078340156,813.02,4934,301,152,4633,752,0.06100527,0.93899473,0.504983389,0.032808116,0.064968703,0.20212766
2011,20404,32244,,,813.02,4920,449,106,4471,811,0.091260163,0.908739837,0.236080178,0.023708343,0.100424961,0.130702836
2010,16835,29407,,,813.02,4789,562,146,4227,1213,0.117352266,0.882647734,0.259786477,0.034539863,0.132954814,0.120362737
2021,59464,105162,0.199935427,0.153408281,814,3241,1257,660,1984,108,0.387843258,0.612156742,0.525059666,0.33266129,0.633568548,6.111111111
2020,49556,91175,-0.113631079,0.162768454,814,2978,1267,585,1711,45,0.425453324,0.574546676,0.4617206,0.341905319,0.74050263,13
2019,55909,78412,0.174830318,0.092104347,814,2905,1231,496,1674,145,0.423752151,0.576247849,0.402924452,0.296296296,0.735364397,3.420689655
2018,47589,71799,0.250926583,0.216684742,814,2921,1045,358,1876,233,0.357754194,0.642245806,0.342583732,0.190831557,0.557036247,1.536480687
2017,38043,59012,0.11540153,0.103172378,814,2900,832,278,2068,230,0.286896552,0.713103448,0.334134615,0.1344294,0.402321083,1.208695652
2016,34107,53493,-0.199084185,-0.088767375,814,2734,727,238,2007,241,0.265910753,0.734089247,0.327372765,0.118584953,0.362232187,0.987551867
2015,42585,58704,-0.025247207,-0.104439359,814,2842,695,269,2147,331,0.244546094,0.755453906,0.38705036,0.125291104,0.323707499,0.812688822
2014,43688,65550,-0.00648125,-0.024059792,814,2898,855,380,2043,333,0.295031056,0.704968944,0.444444444,0.186000979,0.418502203,1.141141141
2013,43973,67166,-0.043607812,-0.107131938,814,2916,800,503,2116,309,0.274348422,0.725651578,0.62875,0.237712665,0.378071834,1.627831715
2012,45978,75225,-0.020055841,-0.036589739,814,2680,821,492,1859,304,0.306343284,0.693656716,0.599269184,0.264658419,0.441635288,1.618421053
2011,46919,78082,,,814,2750,1083,599,1667,333,0.393818182,0.606181818,0.553093259,0.359328134,0.649670066,1.798798799
2010,,,,,814,2943,1327,742,1616,302,0.450900442,0.549099558,0.559155991,0.459158416,0.821163366,2.456953642
2021,63144,70123,0.311265704,0.079679128,815,2827,1011,555,1816,301,0.357622922,0.642377078,0.548961424,0.30561674,0.556718062,1.843853821
2020,48155,64948,0.320617595,0.130946577,815,2908,1256,628,1652,256,0.431911967,0.568088033,0.5,0.380145278,0.760290557,2.453125
2019,36464,57428,0.066385916,0.009705324,815,2754,1019,440,1735,294,0.370007262,0.629992738,0.431795878,0.253602305,0.587319885,1.496598639
2018,34194,56876,0.069565217,0.018170101,815,2566,829,319,1737,305,0.323070928,0.676929072,0.384800965,0.183649971,0.477259643,1.045901639
2017,31970,55861,-0.058792357,0.054458623,815,2408,840,367,1568,165,0.348837209,0.651162791,0.436904762,0.234056122,0.535714286,2.224242424
2016,33967,52976,-0.004104729,-0.024257271,815,2197,657,169,1540,196,0.299044151,0.700955849,0.257229833,0.10974026,0.426623377,0.862244898
2015,34107,54293,0.04867175,0.02989548,815,2139,599,212,1540,201,0.280037401,0.719962599,0.353923205,0.137662338,0.388961039,1.054726368
2014,32524,52717,0.047741769,0.140566854,815,2144,501,119,1643,294,0.233675373,0.766324627,0.23752495,0.072428484,0.304930006,0.404761905
2013,31042,46220,-0.023406531,0.091948592,815,2068,659,174,1409,260,0.318665377,0.681334623,0.264036419,0.123491838,0.467707594,0.669230769
2012,31786,42328,0.159353686,0.028701971,815,2000,644,165,1356,246,0.322,0.678,0.25621118,0.121681416,0.474926254,0.670731707
2011,27417,41147,-0.395528805,-0.151538271,815,1949,588,192,1361,385,0.301693176,0.698306824,0.326530612,0.141072741,0.432035268,0.498701299
2010,45357,48496,,,815,1994,588,234,1406,357,0.294884654,0.705115346,0.397959184,0.166429587,0.418207681,0.655462185
2021,30349,50354,0.045363737,0.170968792,817,4341,1133,316,3208,633,0.26099977,0.73900023,0.27890556,0.098503741,0.353179551,0.499210111
2020,29032,43002,-0.097908834,-0.175906939,817,4189,1147,373,3042,909,0.273812366,0.726187634,0.325196164,0.1226167,0.377054569,0.410341034
2019,32183,52181,-0.127713782,-0.135804309,817,3941,901,286,3040,863,0.228622177,0.771377823,0.317425083,0.094078947,0.296381579,0.331402086
2018,36895,60381,0.018411174,0.168091774,817,4101,1120,449,2981,727,0.273104121,0.726895879,0.400892857,0.150620597,0.375712848,0.617606602
2017,36228,51692,0.185354841,0.10013408,817,3833,1065,563,2768,688,0.277850248,0.722149752,0.528638498,0.203395954,0.384754335,0.818313953
2016,30563,46987,-0.008306564,0.023659615,817,3356,751,519,2605,676,0.223778308,0.776221692,0.691078562,0.199232246,0.288291747,0.767751479
2015,30819,45901,0.109115774,0.007064657,817,3291,837,544,2454,655,0.254329991,0.745670009,0.649940263,0.221678892,0.341075795,0.830534351
2014,27787,45579,0.284354056,0.144194804,817,3392,793,543,2599,623,0.233785377,0.766214623,0.684741488,0.20892651,0.305117353,0.871589085
2013,21635,39835,-0.057298475,-0.022741769,817,3232,551,340,2681,820,0.170482673,0.829517327,0.617059891,0.126818351,0.205520328,0.414634146
2012,22950,40762,-0.355137823,-0.166847215,817,3410,821,432,2589,804,0.240762463,0.759237537,0.526187576,0.166859791,0.317110854,0.537313433
2011,35589,48925,-0.005365976,-0.025243067,817,3667,889,516,2778,778,0.242432506,0.757567494,0.580427447,0.18574514,0.320014399,0.663239075
2010,35781,50192,,,817,3446,1066,599,2380,582,0.309344167,0.690655833,0.561913696,0.251680672,0.44789916,1.029209622
2021,33646,49022,0.076672,-0.021868391,818,3117,1625,545,1492,47,0.521334617,0.478665383,0.335384615,0.365281501,1.089142091,11.59574468
2020,31250,50118,0.015698638,0.100406192,818,3122,1584,613,1538,90,0.507367072,0.492632928,0.386994949,0.398569571,1.029908973,6.811111111
2019,30767,45545,0.002084487,-0.041642118,818,3289,1339,446,1950,156,0.407114625,0.592885375,0.333084391,0.228717949,0.686666667,2.858974359
2018,30703,47524,0.029300345,0.02734603,818,3478,1175,430,2303,117,0.337837838,0.662162162,0.365957447,0.186712983,0.510204082,3.675213675
2017,29829,46259,-0.149783377,0.028480591,818,3525,910,372,2615,223,0.258156028,0.741843972,0.408791209,0.142256214,0.347992352,1.668161435
2016,35084,44978,0.34876211,0.249770763,818,3728,1236,558,2492,229,0.331545064,0.668454936,0.451456311,0.223916533,0.495987159,2.436681223
2015,26012,35989,0.006189076,-0.003737128,818,3583,1125,550,2458,366,0.313982696,0.686017304,0.488888889,0.223759154,0.457689178,1.50273224
2014,25852,36124,-0.048229144,-0.116254037,818,3191,932,647,2259,210,0.292071451,0.707928549,0.694206009,0.286409916,0.412571934,3.080952381
2013,27162,40876,-0.334411527,-0.101349866,818,3224,1084,595,2140,282,0.336228288,0.663771712,0.548892989,0.278037383,0.506542056,2.109929078
2012,40809,45486,-0.015962962,-0.010743802,818,3137,1166,683,1971,254,0.3716927,0.6283073,0.585763293,0.346524607,0.591577879,2.688976378
2011,41471,45980,-0.078422222,-0.076076036,818,2793,1144,685,1649,228,0.409595417,0.590404583,0.598776224,0.415403275,0.69375379,3.004385965
2010,45000,49766,,,818,2793,1329,800,1464,308,0.475832438,0.524167562,0.601956358,0.546448087,0.907786885,2.597402597
2021,60183,105860,0.216973692,0.090732994,819,3299,811,585,2488,93,0.24583207,0.75416793,0.721331689,0.235128617,0.32596463,6.290322581
2020,49453,97054,0.782411245,0.901230215,819,3355,842,632,2513,331,0.250968703,0.749031297,0.750593824,0.25149224,0.3350577,1.909365559
2019,27745,51048,0.263203424,0.310199682,819,3673,541,242,3132,422,0.147291043,0.852708957,0.447319778,0.077266922,0.172733078,0.573459716
2018,21964,38962,-0.0752,0.008881639,819,3462,636,235,2826,491,0.183708839,0.816291161,0.369496855,0.083156405,0.225053079,0.478615071
2017,23750,38619,0.139198005,0.021612613,819,3517,660,265,2857,516,0.187659937,0.812340063,0.401515152,0.092754638,0.231011551,0.513565891
2016,20848,37802,-0.034546633,-0.005681519,819,3321,634,282,2687,492,0.190906354,0.809093646,0.444794953,0.104949758,0.235950875,0.573170732
2015,21594,38018,-0.303082137,-0.168114483,819,3489,822,133,2667,339,0.235597592,0.764402408,0.161800487,0.049868766,0.308211474,0.392330383
2014,30985,45701,-0.013562128,0.078209786,819,3122,559,323,2563,397,0.17905189,0.82094811,0.577817531,0.12602419,0.218103785,0.813602015
2013,31411,42386,-0.113484985,-0.026928993,819,3197,735,514,2462,351,0.229903034,0.770096966,0.699319728,0.208773355,0.298537774,1.464387464
2012,35432,43559,-0.042481894,-0.080781649,819,2873,741,489,2132,405,0.257918552,0.742081448,0.659919028,0.229362101,0.347560976,1.207407407
2011,37004,47387,-0.156180877,-0.0986095,819,2507,796,632,1711,461,0.317510969,0.682489031,0.793969849,0.369374635,0.465225015,1.370932755
2010,43853,52571,,,819,2357,777,682,1580,535,0.329656343,0.670343657,0.877734878,0.43164557,0.491772152,1.274766355
2021,69041,91104,0.056173416,0.045142195,820,3605,1569,859,2036,142,0.435228849,0.564771151,0.547482473,0.421905697,0.770628684,6.049295775
2020,65369,87169,0.517491933,0.386055017,820,3708,1848,975,1860,284,0.498381877,0.501618123,0.527597403,0.524193548,0.993548387,3.433098592
2019,43077,62890,0.062685021,-0.017804154,820,3421,1369,556,2052,265,0.400175387,0.599824613,0.406135866,0.270955166,0.667153996,2.098113208
2018,40536,64030,0.123908282,0.115952385,820,3409,1598,694,1811,182,0.468759167,0.531240833,0.434292866,0.383213694,0.882385422,3.813186813
2017,36067,57377,-0.016846122,0.097116525,820,2907,1307,695,1600,253,0.449604403,0.550395597,0.531752104,0.434375,0.816875,2.747035573
2016,36685,52298,0.377323071,0.11857809,820,2825,1186,567,1639,559,0.419823009,0.580176991,0.478077572,0.345942648,0.723611959,1.01431127
2015,26635,46754,0.013662658,-0.02073559,820,2715,905,560,1810,570,0.333333333,0.666666667,0.61878453,0.309392265,0.5,0.98245614
2014,26276,47744,-0.284247228,-0.105364739,820,2709,912,661,1797,632,0.336655592,0.663344408,0.724780702,0.367835281,0.507512521,1.045886076
2013,36711,53367,-0.153636888,-0.102638261,820,2827,911,678,1916,721,0.322249735,0.677750265,0.744237102,0.353862213,0.475469729,0.94036061
2012,43375,59471,0.308525401,0.051579022,820,2855,871,748,1984,727,0.305078809,0.694921191,0.858783008,0.377016129,0.439012097,1.028885832
2011,33148,56554,-0.194889731,0.064265417,820,2692,1058,816,1634,428,0.393016345,0.606983655,0.771266541,0.499388005,0.64749082,1.906542056
2010,41172,53139,,,820,2542,954,667,1588,399,0.375295043,0.624704957,0.699161426,0.420025189,0.600755668,1.671679198
2021,26547,57732,0.080332072,0.088831051,821,5749,1329,545,4420,674,0.231170638,0.768829362,0.410082769,0.123303167,0.300678733,0.808605341
2020,24573,53022,-0.021970149,-0.045714697,821,5403,1213,487,4190,555,0.224504905,0.775495095,0.401483924,0.116229117,0.289498807,0.877477477
2019,25125,55562,0.232463455,0.117205879,821,5981,1039,619,4942,729,0.17371677,0.82628323,0.595765159,0.125252934,0.21023877,0.849108368
2018,20386,49733,0.065711747,0.068240399,821,5732,788,453,4944,812,0.137473831,0.862526169,0.574873096,0.091626214,0.159385113,0.557881773
2017,19129,46556,0.060072042,0.233630992,821,5377,475,142,4902,1100,0.088339223,0.911660777,0.298947368,0.028967768,0.096899225,0.129090909
2016,18045,37739,0.041798972,-0.016111792,821,5227,393,340,4834,1002,0.075186531,0.924813469,0.865139949,0.070335126,0.081299131,0.339321357
2015,17321,38357,0.043496596,0.26553169,821,5225,598,275,4627,750,0.114449761,0.885550239,0.459866221,0.059433758,0.129241409,0.366666667
2014,16599,30309,-0.185844614,-0.1411448,821,4998,552,293,4446,984,0.110444178,0.889555822,0.530797101,0.065901934,0.124156545,0.297764228
2013,20388,35290,0.013068323,-0.152640046,821,4911,744,364,4167,714,0.15149664,0.84850336,0.489247312,0.087353012,0.178545716,0.509803922
2012,20125,41647,-0.067639565,-0.110353962,821,4993,763,446,4230,658,0.15281394,0.84718606,0.584534731,0.105437352,0.180378251,0.67781155
2011,21585,46813,0.042753623,0.105905977,821,5109,853,440,4256,662,0.166960266,0.833039734,0.515826495,0.103383459,0.200422932,0.664652568
2010,20700,42330,,,821,4822,719,467,4103,701,0.149108254,0.850891746,0.649513213,0.113819157,0.175237631,0.666191155
2021,54670,77029,0.140027109,0.207029475,904,3881,1568,546,2313,220,0.404019583,0.595980417,0.348214286,0.236057069,0.677907479,2.481818182
2020,47955,63817,0.237548387,-0.002142165,904,4390,1883,676,2507,270,0.428929385,0.571070615,0.359001593,0.269644994,0.751096929,2.503703704
2019,38750,63954,0.039347692,0.214746999,904,4370,2265,850,2105,208,0.518306636,0.481693364,0.375275938,0.403800475,1.076009501,4.086538462
2018,37283,52648,-0.037858065,0.009510661,904,4292,2091,891,2201,308,0.487185461,0.512814539,0.426111908,0.404815993,0.950022717,2.892857143
2017,38750,52152,0.248751249,0.281124103,904,4284,2008,694,2276,206,0.468720822,0.531279178,0.34561753,0.304920914,0.882249561,3.368932039
2016,31031,40708,-0.034805599,-0.022875111,904,4173,1508,653,2665,282,0.361370717,0.638629283,0.433023873,0.245028143,0.565853659,2.315602837
2015,32150,41661,-0.084697509,0.035081617,904,3946,1450,449,2496,471,0.36746072,0.63253928,0.309655172,0.179887821,0.580929487,0.95329087
2014,35125,40249,0.100614151,-0.034425679,904,3394,1159,543,2235,565,0.341484973,0.658515027,0.468507334,0.24295302,0.518568233,0.961061947
2013,31914,41684,-0.028522724,-0.029905281,904,3547,1150,503,2397,582,0.324217649,0.675782351,0.437391304,0.20984564,0.479766375,0.864261168
2012,32851,42969,-0.063887385,0.012226148,904,3639,1258,654,2381,797,0.345699368,0.654300632,0.519872814,0.274674507,0.528349433,0.820577164
2011,35093,42450,0.012522,-0.088742916,904,3533,1055,543,2478,939,0.298613077,0.701386923,0.514691943,0.219128329,0.42574657,0.57827476
2010,34659,46584,,,904,3529,1220,623,2309,737,0.345706999,0.654293001,0.510655738,0.269813772,0.528367259,0.84531886
2021,45526,73053,0.0192312,0.099715486,906,2322,861,303,1461,140,0.370801034,0.629198966,0.351916376,0.207392197,0.589322382,2.164285714
2020,44667,66429,-0.108745535,0.034316855,906,2434,867,434,1567,157,0.35620378,0.64379622,0.500576701,0.276962348,0.553286535,2.76433121
2019,50117,64225,0.139022727,0.108263878,906,2554,941,561,1613,142,0.36844166,0.63155834,0.596174283,0.347799132,0.583384997,3.950704225
2018,44000,57951,0.106918239,0.093002641,906,2416,781,485,1635,163,0.323261589,0.676738411,0.62099872,0.296636086,0.477675841,2.975460123
2017,39750,53020,-0.029304029,-0.028848796,906,2267,738,480,1529,162,0.325540362,0.674459638,0.650406504,0.313930674,0.482668411,2.962962963
2016,40950,54595,0.036997645,-0.026358497,906,2444,678,472,1766,227,0.277414075,0.722585925,0.696165192,0.267270668,0.38391846,2.079295154
2015,39489,56073,-0.018906832,-0.022028045,906,2258,788,467,1470,177,0.348981399,0.651018601,0.592639594,0.317687075,0.536054422,2.638418079
2014,40250,57336,-0.205173776,-0.135347077,906,2038,739,428,1299,326,0.362610402,0.637389598,0.579161028,0.329484219,0.568899153,1.312883436
2013,50640,66311,0.06052356,0.196366392,906,1999,700,420,1299,282,0.350175088,0.649824912,0.6,0.323325635,0.538876059,1.489361702
2012,47750,55427,-0.048179082,0.008387003,906,2127,600,359,1527,396,0.282087447,0.717912553,0.598333333,0.235101506,0.392927308,0.906565657
2011,50167,54966,0.13651707,0.148882804,906,1802,598,362,1204,495,0.331853496,0.668146504,0.605351171,0.300664452,0.496677741,0.731313131
2010,44141,47843,,,906,1805,474,430,1331,560,0.262603878,0.737396122,0.907172996,0.323065364,0.356123216,0.767857143
2021,106959,126998,-0.022419844,-0.015687247,1101.05,2539,955,188,1584,20,0.376132336,0.623867664,0.196858639,0.118686869,0.60290404,9.4
2020,109412,129022,0.254523356,0.245626569,1101.05,2934,1167,267,1767,106,0.397750511,0.602249489,0.228791774,0.151103565,0.660441426,2.518867925
2019,87214,103580,0.049759268,0.112591033,1101.05,5742,2093,566,3649,395,0.36450714,0.63549286,0.270425227,0.155110989,0.573581803,1.432911392
2018,83080,93098,0.007983305,0.015134664,1101.05,5859,2228,738,3631,281,0.380269671,0.619730329,0.331238779,0.203249793,0.613605067,2.62633452
2017,82422,91710,0.22968356,0.067935162,1101.05,5888,2569,918,3319,258,0.436311141,0.563688859,0.357337485,0.276589334,0.774028322,3.558139535
2016,67027,85876,0.045402084,0.120029215,1101.05,5849,2634,1123,3215,173,0.45033339,0.54966661,0.42634776,0.349300156,0.819284603,6.49132948
2015,64116,76673,-0.063028833,-0.019401458,1101.05,6218,3236,1679,2982,275,0.520424574,0.479575426,0.518850433,0.563044936,1.085177733,6.105454545
2014,68429,78190,0.045435796,0.03933219,1101.05,6548,2911,1641,3637,260,0.444563225,0.555436775,0.563723806,0.451196041,0.800384933,6.311538462
2013,65455,75231,-0.01918034,-0.051562638,1101.05,6538,3248,1618,3290,341,0.496788009,0.503211991,0.498152709,0.491793313,0.987234043,4.744868035
2012,66735,79321,0.132349198,0.15136516,1101.05,6293,3135,1374,3158,288,0.498172573,0.501827427,0.438277512,0.435085497,0.992716909,4.770833333
2011,58935,68893,0.043337405,0.072481592,1101.05,6657,3327,1728,3330,344,0.499774673,0.500225327,0.519386835,0.518918919,0.999099099,5.023255814
2010,56487,64237,,,1101.05,6803,3303,1638,3500,152,0.485521094,0.514478906,0.495912807,0.468,0.943714286,10.77631579
2021,112056,155364,0.047947704,0.119022753,1201.04,2435,1276,273,1159,83,0.524024641,0.475975359,0.213949843,0.235547886,1.100949094,3.289156627
2020,106929,138839,0.058944116,0.1453662,1201.04,2424,1431,280,993,67,0.590346535,0.409653465,0.195667365,0.281973817,1.441087613,4.179104478
2019,100977,121218,0.124465479,0.089208375,1201.04,2330,1130,230,1200,83,0.484978541,0.515021459,0.203539823,0.191666667,0.941666667,2.771084337
2018,89800,111290,0.034276237,0.079207153,1201.04,2205,976,210,1229,94,0.442630385,0.557369615,0.215163934,0.170870627,0.794141579,2.234042553
2017,86824,103122,0.017615827,0.054568139,1201.04,2298,1018,238,1280,111,0.442993908,0.557006092,0.233791749,0.1859375,0.7953125,2.144144144
2016,85321,97786,0.041528827,0.076239008,1201.04,2286,908,276,1378,78,0.39720035,0.60279965,0.303964758,0.200290276,0.65892598,3.538461538
2015,81919,90859,0.146088952,0.093277341,1201.04,2264,918,358,1346,86,0.405477032,0.594522968,0.389978214,0.265973254,0.682020802,4.162790698
2014,71477,83107,0.065500947,-0.030019024,1201.04,2162,850,374,1312,69,0.393154487,0.606845513,0.44,0.285060976,0.647865854,5.420289855
2013,67083,85679,0.014318979,0.006401673,1201.04,2142,919,308,1223,157,0.429038282,0.570961718,0.335146899,0.251839738,0.751430908,1.961783439
2012,66136,85134,0.009309282,0.038206851,1201.04,1966,993,297,973,177,0.50508647,0.49491353,0.299093656,0.305241521,1.020554985,1.677966102
2011,65526,82001,0.038035644,0.019938307,1201.04,1839,925,277,914,169,0.502990756,0.497009244,0.299459459,0.303063457,1.012035011,1.639053254
2010,63125,80398,,,1201.04,1945,1058,418,887,226,0.543958869,0.456041131,0.395085066,0.471251409,1.192784667,1.849557522
2021,91200,128784,-0.004866552,0.037894296,1202.01,4248,1571,271,2677,48,0.369821092,0.630178908,0.172501591,0.101232723,0.586850953,5.645833333
2020,91646,124082,0.086870412,0.098790358,1202.01,4199,1422,264,2777,122,0.33865206,0.66134794,0.185654008,0.095066619,0.512063378,2.163934426
2019,84321,112926,0.17532024,0.118455718,1202.01,3984,1437,337,2547,217,0.360692771,0.639307229,0.234516354,0.132312525,0.564193168,1.552995392
2018,71743,100966,0.140280051,0.125784691,1202.01,3912,1366,407,2546,327,0.349182004,0.650817996,0.29795022,0.159858602,0.536527887,1.244648318
2017,62917,89685,0.249195886,0.299274197,1202.01,3770,1219,302,2551,318,0.323342175,0.676657825,0.247744053,0.118384947,0.477851823,0.949685535
2016,50366,69027,-0.006685731,0.031315833,1202.01,3632,1165,288,2467,521,0.320759912,0.679240088,0.2472103,0.116740981,0.472233482,0.552783109
2015,50705,66931,-0.069854897,-0.051162461,1202.01,3673,1235,309,2438,558,0.336237408,0.663762592,0.250202429,0.126743232,0.506562756,0.553763441
2014,54513,70540,-0.175057884,-0.082311005,1202.01,4067,1215,293,2852,651,0.298746004,0.701253996,0.241152263,0.102734923,0.42601683,0.450076805
2013,66081,76867,0.11685568,0.115777097,1202.01,3802,1261,345,2541,589,0.331667543,0.668332457,0.273592387,0.135773318,0.496261314,0.58573854
2012,59167,68891,-0.08461229,-0.051832583,1202.01,3832,1121,305,2711,633,0.292536534,0.707463466,0.272078501,0.112504611,0.413500553,0.481832543
2011,64636,72657,0.067305152,0.022358868,1202.01,3635,1188,309,2447,551,0.326822558,0.673177442,0.26010101,0.126277074,0.48549244,0.560798548
2010,60560,71068,,,1202.01,3920,1072,346,2848,475,0.273469388,0.726530612,0.322761194,0.121488764,0.376404494,0.728421053
2010,,,,,708,3436,959,378,2477,355,0.279103609,0.720896391,0.394160584,0.152603956,0.387161889,1.064788732
2011,,,,,708,3531,996,273,2535,305,0.282073067,0.717926933,0.274096386,0.107692308,0.392899408,0.895081967
2012,,,,,708,3737,955,251,2782,470,0.255552582,0.744447418,0.262827225,0.090222861,0.343278217,0.534042553
2013,,,,,708,3947,1127,257,2820,497,0.285533316,0.714466684,0.228039042,0.091134752,0.39964539,0.517102616
2014,,,,,708,3643,1318,417,2325,373,0.361789734,0.638210266,0.316388467,0.179354839,0.56688172,1.117962466
2015,,,,,708,3662,1267,283,2395,352,0.3459858,0.6540142,0.223362273,0.118162839,0.529018789,0.803977273
2016,,,,,708,3508,1216,225,2292,343,0.34663626,0.65336374,0.185032895,0.098167539,0.530541012,0.655976676
2017,,,,,708,3394,1216,243,2178,287,0.358279316,0.641720684,0.199835526,0.111570248,0.558310376,0.846689895
2018,,,,,708,3519,1132,230,2387,112,0.321682296,0.678317704,0.203180212,0.096355258,0.474235442,2.053571429
2019,,,,,708,3539,1137,100,2402,151,0.321277197,0.678722803,0.087950748,0.041631973,0.473355537,0.662251656
2010,,,,,709,2955,1027,218,1928,287,0.347546531,0.652453469,0.212268744,0.113070539,0.532676349,0.759581882
2011,,,,,709,3203,1085,254,2118,259,0.338744927,0.661255073,0.234101382,0.119924457,0.512275732,0.980694981
2012,,,,,709,2955,979,286,1976,259,0.331302876,0.668697124,0.292134831,0.144736842,0.495445344,1.104247104
2013,,,,,709,3312,998,259,2314,274,0.301328502,0.698671498,0.259519038,0.111927398,0.431287813,0.945255474
2014,,,,,709,3176,958,224,2218,293,0.30163728,0.69836272,0.233820459,0.100991885,0.431920649,0.764505119
2015,,,,,709,3121,647,73,2474,342,0.207305351,0.792694649,0.112828439,0.029506871,0.261519806,0.213450292
2016,,,,,709,3121,730,116,2391,351,0.233899391,0.766100609,0.15890411,0.048515266,0.305311585,0.33048433
2017,,,,,709,2933,956,157,1977,187,0.32594613,0.67405387,0.164225941,0.079413252,0.483560951,0.839572193
2018,,,,,709,2775,777,132,1998,280,0.28,0.72,0.16988417,0.066066066,0.388888889,0.471428571
2019,,,,,709,3098,1146,275,1952,165,0.369916075,0.630083925,0.239965096,0.140881148,0.587090164,1.666666667
